galleryFee,artistFee,sale,timestamp,galleryPerc,artistPerc
0.3,1.7,2.0,1596996669,15.0,85.0
0.24875,1.74125,1.99,1613544173,12.5,87.5
0.1125,0.7875,0.9,1602818176,12.5,87.5
0.0625,0.4375,0.5,1602816531,12.5,87.5
0.3,1.7,2.0,1589536236,15.0,85.0
0.025,0.175,0.2,1609676017,12.5,87.5
0.015,0.085,0.1,1589290941,15.0,85.0
0.02375,0.16625,0.19,1599791703,12.5,87.5
0.0504,0.2856,0.336,1600012764,15.0,85.0
0.03125,0.21875,0.25,1614382830,12.5,87.5
0.015625,0.109375,0.125,1614523670,12.5,87.5
0.42,2.38,2.8,1590082814,15.0,85.0
0.0225,0.1275,0.15,1590245878,15.0,85.0
0.0225,0.1275,0.15,1590269455,15.0,85.0
0.045,0.255,0.3,1590548102,15.0,85.0
0.045,0.255,0.3,1590983242,15.0,85.0
0.045,0.255,0.3,1591014847,15.0,85.0
0.015,0.085,0.1,1590324321,15.0,85.0
0.0225,0.1275,0.15,1590600247,15.0,85.0
0.018,0.102,0.12,1590662758,15.0,85.0
0.0225,0.1275,0.15,1590983242,15.0,85.0
0.0225,0.1275,0.15,1591015218,15.0,85.0
0.0375,0.2125,0.25,1591029053,15.0,85.0
0.048,0.272,0.32,1591220467,15.0,85.0
0.0465,0.2635,0.31,1591220467,15.0,85.0
0.045,0.255,0.3,1591240678,15.0,85.0
0.045,0.255,0.3,1591240742,15.0,85.0
0.015,0.085,0.1,1591304397,15.0,85.0
0.015,0.085,0.1,1591391366,15.0,85.0
0.045,0.255,0.3,1591404768,15.0,85.0
0.01875,0.13125,0.15,1595550102,12.5,87.5
0.0225,0.1275,0.15,1591733972,15.0,85.0
0.015,0.105,0.12,1591910814,12.5,87.5
0.025,0.175,0.2,1591917205,12.5,87.5
0.675,3.825,4.5,1593221896,15.0,85.0
0.045,0.255,0.3,1592017956,15.0,85.0
0.045,0.255,0.3,1592017956,15.0,85.0
0.045,0.255,0.3,1592017956,15.0,85.0
0.03,0.17,0.2,1592176002,15.0,85.0
0.015,0.085,0.1,1592267642,15.0,85.0
0.0375,0.2125,0.25,1592336685,15.0,85.0
0.075,0.525,0.6,1607249881,12.5,87.5
0.0075,0.0425,0.05,1592571464,15.0,85.0
0.03,0.17,0.2,1592571468,15.0,85.0
0.015,0.085,0.1,1592598579,15.0,85.0
0.015,0.085,0.1,1592606933,15.0,85.0
0.025,0.175,0.2,1601548062,12.5,87.5
0.015,0.085,0.1,1592896550,15.0,85.0
0.0378125,0.2646875,0.3025,1618192599,12.5,87.5
0.0999,0.5661,0.666,1595860789,15.0,85.0
0.015,0.085,0.1,1593282037,15.0,85.0
0.042,0.238,0.28,1593314125,15.0,85.0
0.042,0.238,0.28,1593314243,15.0,85.0
0.015,0.085,0.1,1593592541,15.0,85.0
0.01875,0.13125,0.15,1601548365,12.5,87.5
0.0375,0.2125,0.25,1602256671,15.0,85.0
0.5,3.5,4.0,1614597126,12.5,87.5
0.048,0.272,0.32,1609257005,15.0,85.0
0.015,0.085,0.1,1594174403,15.0,85.0
0.015,0.085,0.1,1594174913,15.0,85.0
0.015,0.085,0.1,1594175206,15.0,85.0
0.15,0.85,1.0,1594335407,15.0,85.0
0.02125,0.14875,0.17,1601548365,12.5,87.5
0.015,0.085,0.1,1594579549,15.0,85.0
0.0375,0.2125,0.25,1594814796,15.0,85.0
0.1,0.7,0.8,1597976218,12.5,87.5
0.0495,0.2805,0.33,1598720509,15.0,85.0
0.3,1.7,2.0,1602104569,15.0,85.0
0.125,0.875,1.0,1613908768,12.5,87.5
0.25,1.75,2.0,1605150862,12.5,87.5
0.125,0.875,1.0,1614404031,12.5,87.5
0.015,0.085,0.1,1595558117,15.0,85.0
0.125,0.875,1.0,1614398369,12.5,87.5
0.02625,0.14875,0.175,1595689200,15.0,85.0
0.075,0.425,0.5,1595700894,15.0,85.0
0.006,0.034,0.04,1595860587,15.0,85.0
0.225,1.275,1.5,1595967110,15.0,85.0
0.075,0.425,0.5,1595967168,15.0,85.0
0.12,0.68,0.8,1595967270,15.0,85.0
0.075,0.425,0.5,1599504929,15.0,85.0
0.045,0.255,0.3,1596121454,15.0,85.0
0.055,0.385,0.44,1596217011,12.5,87.5
0.075,0.425,0.5,1596223126,15.0,85.0
0.075,0.425,0.5,1596223614,15.0,85.0
0.045,0.255,0.3,1596286736,15.0,85.0
0.0465,0.2635,0.31,1596316117,15.0,85.0
0.006875,0.048125,0.055,1611679186,12.5,87.5
0.03125,0.21875,0.25,1608818975,12.5,87.5
0.06,0.34,0.4,1596476905,15.0,85.0
0.0375,0.2125,0.25,1597435815,15.0,85.0
0.03,0.17,0.2,1596692905,15.0,85.0
1.25,8.75,10.0,1596815867,12.5,87.5
0.03275,0.22925,0.262,1600745142,12.5,87.5
0.135,0.765,0.9,1596987254,15.0,85.0
0.0495,0.2805,0.33,1597006101,15.0,85.0
0.0495,0.2805,0.33,1597006206,15.0,85.0
0.0495,0.2805,0.33,1597006291,15.0,85.0
0.0495,0.2805,0.33,1597006315,15.0,85.0
0.0495,0.2805,0.33,1597006359,15.0,85.0
0.0495,0.2805,0.33,1597006426,15.0,85.0
0.0495,0.2805,0.33,1597006490,15.0,85.0
0.03125,0.21875,0.25,1608836948,12.5,87.5
0.15,0.85,1.0,1597283783,15.0,85.0
0.057,0.323,0.38,1597254098,15.0,85.0
0.0495,0.2805,0.33,1597253612,15.0,85.0
0.0493665,0.2797435,0.32911,1597299350,15.0,85.0
1.125,6.375,7.5,1597353750,15.0,85.0
0.19375,1.35625,1.55,1597433778,12.5,87.5
0.0975,0.5525,0.65,1597473225,15.0,85.0
0.057,0.323,0.38,1597512224,15.0,85.0
0.2325,1.3175,1.55,1597520594,15.0,85.0
0.0225,0.1275,0.15,1597531879,15.0,85.0
0.1125,0.6375,0.75,1597624191,15.0,85.0
0.0825,0.4675,0.55,1597603607,15.0,85.0
0.0825,0.4675,0.55,1597603662,15.0,85.0
0.075,0.425,0.5,1597624191,15.0,85.0
0.06,0.34,0.4,1597606458,15.0,85.0
0.1,0.7,0.8,1598109640,12.5,87.5
0.15,0.85,1.0,1597930238,15.0,85.0
0.125,0.875,1.0,1597858682,12.5,87.5
0.125,0.875,1.0,1597887549,12.5,87.5
0.12,0.68,0.8,1597940017,15.0,85.0
0.33,1.87,2.2,1598157882,15.0,85.0
0.06,0.34,0.4,1598043404,15.0,85.0
0.06,0.34,0.4,1598043404,15.0,85.0
0.15,0.85,1.0,1598054299,15.0,85.0
0.105,0.595,0.7,1598162584,15.0,85.0
0.15,0.85,1.0,1598180908,15.0,85.0
0.06,0.34,0.4,1598219435,15.0,85.0
0.0375,0.2125,0.25,1598229634,15.0,85.0
0.1125,0.6375,0.75,1598488116,15.0,85.0
0.0375,0.2125,0.25,1598496061,15.0,85.0
0.045,0.255,0.3,1598604561,15.0,85.0
0.045,0.255,0.3,1598640303,15.0,85.0
0.03,0.17,0.2,1598640542,15.0,85.0
0.0495,0.2805,0.33,1598661869,15.0,85.0
0.225,1.275,1.5,1599432067,15.0,85.0
0.75,4.25,5.0,1598663087,15.0,85.0
0.45,2.55,3.0,1598664508,15.0,85.0
0.45,2.55,3.0,1598664538,15.0,85.0
0.0225,0.1275,0.15,1598889015,15.0,85.0
0.45,2.55,3.0,1598806788,15.0,85.0
0.066,0.374,0.44,1598820232,15.0,85.0
0.1125,0.6375,0.75,1598809264,15.0,85.0
0.1125,0.6375,0.75,1598809429,15.0,85.0
0.09,0.51,0.6,1599073949,15.0,85.0
0.3031875,1.7180625,2.02125,1599565781,15.0,85.0
0.45,2.55,3.0,1599101398,15.0,85.0
0.15,0.85,1.0,1599136874,15.0,85.0
0.27,1.53,1.8,1599227761,15.0,85.0
0.27,1.53,1.8,1599227777,15.0,85.0
0.195,1.105,1.3,1599249105,15.0,85.0
0.45,2.55,3.0,1599273234,15.0,85.0
0.15,0.85,1.0,1599428989,15.0,85.0
0.075,0.425,0.5,1599400708,15.0,85.0
0.15,0.85,1.0,1599429009,15.0,85.0
0.225,1.275,1.5,1599432185,15.0,85.0
0.1275,0.7225,0.85,1612188971,15.0,85.0
1.5,8.5,10.0,1600798233,15.0,85.0
0.3,1.7,2.0,1599668948,15.0,85.0
0.045,0.255,0.3,1599610033,15.0,85.0
0.0625,0.4375,0.5,1604983048,12.5,87.5
0.2025,1.1475,1.35,1599710371,15.0,85.0
0.16665,0.94435,1.111,1599713160,15.0,85.0
0.195,1.105,1.3,1599731642,15.0,85.0
0.3225,1.8275,2.15,1599775048,15.0,85.0
0.27,1.53,1.8,1599775207,15.0,85.0
0.2325,1.3175,1.55,1599776453,15.0,85.0
0.025,0.175,0.2,1613844289,12.5,87.5
0.09,0.51,0.6,1599844705,15.0,85.0
0.09,0.51,0.6,1599841882,15.0,85.0
0.12,0.68,0.8,1599849251,15.0,85.0
0.01875,0.13125,0.15,1615763400,12.5,87.5
0.0495,0.2805,0.33,1599907089,15.0,85.0
0.45,2.55,3.0,1599882594,15.0,85.0
0.1875,1.3125,1.5,1609831186,12.5,87.5
0.0825,0.4675,0.55,1600086615,15.0,85.0
0.0825,0.4675,0.55,1600086615,15.0,85.0
0.075,0.425,0.5,1600086648,15.0,85.0
0.225,1.275,1.5,1599992173,15.0,85.0
0.225,1.275,1.5,1599992241,15.0,85.0
0.225,1.275,1.5,1599992283,15.0,85.0
0.225,1.275,1.5,1599992299,15.0,85.0
0.04425,0.25075,0.295,1600012764,15.0,85.0
0.0504,0.2856,0.336,1600012842,15.0,85.0
0.0825,0.4675,0.55,1600086648,15.0,85.0
0.0504,0.2856,0.336,1600012907,15.0,85.0
0.054,0.306,0.36,1600012941,15.0,85.0
0.04425,0.25075,0.295,1600012956,15.0,85.0
0.0825,0.4675,0.55,1600086615,15.0,85.0
0.04425,0.25075,0.295,1600013264,15.0,85.0
0.04425,0.25075,0.295,1600013264,15.0,85.0
0.04425,0.25075,0.295,1600014506,15.0,85.0
0.0975,0.5525,0.65,1600119329,15.0,85.0
0.045,0.255,0.3,1600189525,15.0,85.0
0.12,0.68,0.8,1600183021,15.0,85.0
0.3375,1.9125,2.25,1600222330,15.0,85.0
0.075,0.425,0.5,1600195406,15.0,85.0
0.045,0.255,0.3,1602577295,15.0,85.0
0.375,2.125,2.5,1600420813,15.0,85.0
0.0825,0.4675,0.55,1600223537,15.0,85.0
0.0825,0.4675,0.55,1600223537,15.0,85.0
0.0495,0.2805,0.33,1600221167,15.0,85.0
0.0495,0.2805,0.33,1600221196,15.0,85.0
0.0495,0.2805,0.33,1600221256,15.0,85.0
0.0495,0.2805,0.33,1600221300,15.0,85.0
0.0495,0.2805,0.33,1600221327,15.0,85.0
0.0495,0.2805,0.33,1600221382,15.0,85.0
0.0495,0.2805,0.33,1600221448,15.0,85.0
0.0495,0.2805,0.33,1600221471,15.0,85.0
0.075,0.425,0.5,1600459605,15.0,85.0
0.15,0.85,1.0,1600353723,15.0,85.0
0.012,0.068,0.08,1600289420,15.0,85.0
0.225,1.275,1.5,1600302960,15.0,85.0
4.05,22.95,27.0,1600468147,15.0,85.0
0.09,0.51,0.6,1600375128,15.0,85.0
0.75,4.25,5.0,1600378077,15.0,85.0
0.625,4.375,5.0,1600464187,12.5,87.5
3.3,18.7,22.0,1600489626,15.0,85.0
3.3,18.7,22.0,1600489626,15.0,85.0
4.125,23.375,27.5,1600489633,15.0,85.0
6.0,34.0,40.0,1600491836,15.0,85.0
0.45,2.55,3.0,1600394378,15.0,85.0
0.3525,1.9975,2.35,1601341937,15.0,85.0
0.125,0.875,1.0,1600574908,12.5,87.5
0.015,0.085,0.1,1600459102,15.0,85.0
0.225,1.275,1.5,1600477879,15.0,85.0
0.45,2.55,3.0,1600598706,15.0,85.0
0.45,2.55,3.0,1600598715,15.0,85.0
0.45,2.55,3.0,1600600851,15.0,85.0
0.75,4.25,5.0,1600702900,15.0,85.0
0.525,2.975,3.5,1600783344,15.0,85.0
0.0375,0.2125,0.25,1600831198,15.0,85.0
0.09,0.51,0.6,1600848706,15.0,85.0
0.135,0.765,0.9,1600848706,15.0,85.0
0.12,0.68,0.8,1600848706,15.0,85.0
0.069,0.391,0.46,1600863897,15.0,85.0
0.12,0.68,0.8,1600867134,15.0,85.0
0.165,0.935,1.1,1600868083,15.0,85.0
0.135,0.765,0.9,1600868083,15.0,85.0
0.18,1.02,1.2,1600868083,15.0,85.0
0.135,0.765,0.9,1600868083,15.0,85.0
0.075,0.425,0.5,1600871595,15.0,85.0
0.15,0.85,1.0,1600874878,15.0,85.0
0.045,0.255,0.3,1600875252,15.0,85.0
0.09,0.51,0.6,1600878982,15.0,85.0
0.075,0.425,0.5,1600881278,15.0,85.0
0.135,0.765,0.9,1600886184,15.0,85.0
0.09015,0.51085,0.601,1600890636,15.0,85.0
0.09015,0.51085,0.601,1600890636,15.0,85.0
0.12,0.68,0.8,1601504909,15.0,85.0
0.4995,2.8305,3.33,1601272486,15.0,85.0
0.02625,0.14875,0.175,1600987128,15.0,85.0
0.45,2.55,3.0,1601069518,15.0,85.0
0.075,0.425,0.5,1602131482,15.0,85.0
0.15,0.85,1.0,1601321908,15.0,85.0
0.06,0.34,0.4,1602135623,15.0,85.0
0.075,0.425,0.5,1602134393,15.0,85.0
0.015,0.105,0.12,1609016259,12.5,87.5
0.75,4.25,5.0,1601178556,15.0,85.0
0.72,4.08,4.8,1601279564,15.0,85.0
0.432,2.448,2.88,1601465700,15.0,85.0
0.35175,1.99325,2.345,1601370776,15.0,85.0
0.09,0.51,0.6,1601197919,15.0,85.0
0.09,0.51,0.6,1601197919,15.0,85.0
0.15625,1.09375,1.25,1610315499,12.5,87.5
0.25,1.75,2.0,1604782458,12.5,87.5
0.45,2.55,3.0,1601256024,15.0,85.0
0.45,2.55,3.0,1601256042,15.0,85.0
0.45,2.55,3.0,1601256065,15.0,85.0
0.45,2.55,3.0,1601256073,15.0,85.0
0.0165,0.0935,0.11,1601522467,15.0,85.0
0.3525,1.9975,2.35,1601341804,15.0,85.0
0.02625,0.14875,0.175,1601372481,15.0,85.0
0.0375,0.2125,0.25,1601407247,15.0,85.0
0.3,1.7,2.0,1601428040,15.0,85.0
0.3,1.7,2.0,1601428095,15.0,85.0
0.15,1.05,1.2,1614731374,12.5,87.5
0.75,4.25,5.0,1601443953,15.0,85.0
0.93,5.27,6.2,1601443953,15.0,85.0
0.0165,0.0935,0.11,1601523709,15.0,85.0
0.2175,1.2325,1.45,1601461721,15.0,85.0
0.01125,0.07875,0.09,1601514397,12.5,87.5
0.0125,0.0875,0.1,1601520074,12.5,87.5
0.15,0.85,1.0,1601700759,15.0,85.0
0.3,1.7,2.0,1601656806,15.0,85.0
0.00625,0.04375,0.05,1601566243,12.5,87.5
0.1125,0.6375,0.75,1601568535,15.0,85.0
0.15,0.85,1.0,1601568564,15.0,85.0
0.23125,1.61875,1.85,1613891123,12.5,87.5
0.04375,0.30625,0.35,1615982605,12.5,87.5
0.408,2.312,2.72,1601668837,15.0,85.0
0.3225,1.8275,2.15,1601688788,15.0,85.0
0.26847965,1.52139035,1.78987,1601688834,15.0,85.0
0.3,1.7,2.0,1601688834,15.0,85.0
0.75,4.25,5.0,1601713804,15.0,85.0
0.45,2.55,3.0,1601714209,15.0,85.0
0.12,0.68,0.8,1601809533,15.0,85.0
0.3525,1.9975,2.35,1601736397,15.0,85.0
0.009,0.051,0.06,1601762103,15.0,85.0
0.25,1.75,2.0,1601765675,12.5,87.5
0.0165,0.0935,0.11,1601832174,15.0,85.0
0.0225,0.1275,0.15,1601875071,15.0,85.0
0.0225,0.1275,0.15,1601867969,15.0,85.0
0.37375,2.61625,2.99,1601870971,12.5,87.5
0.3225,1.8275,2.15,1602007659,15.0,85.0
0.4995,2.8305,3.33,1601961402,15.0,85.0
0.009,0.051,0.06,1602017909,15.0,85.0
0.7125,4.0375,4.75,1602068428,15.0,85.0
0.555,3.145,3.7,1602185826,15.0,85.0
1.125,6.375,7.5,1602038297,15.0,85.0
1.2,6.8,8.0,1602055775,15.0,85.0
0.0225,0.1275,0.15,1602063890,15.0,85.0
0.00675,0.03825,0.045,1602101541,15.0,85.0
0.0525,0.2975,0.35,1602250701,15.0,85.0
0.0075,0.0525,0.06,1602120754,12.5,87.5
0.15,0.85,1.0,1602127641,15.0,85.0
0.0075,0.0425,0.05,1602140948,15.0,85.0
0.0075,0.0425,0.05,1602141461,15.0,85.0
0.0825,0.4675,0.55,1602154596,15.0,85.0
0.14985,0.84915,0.999,1602156744,15.0,85.0
0.09,0.51,0.6,1602177204,15.0,85.0
0.225,1.275,1.5,1602193887,15.0,85.0
0.015,0.085,0.1,1602194956,15.0,85.0
0.075,0.425,0.5,1602200908,15.0,85.0
1.35,7.65,9.0,1602459675,15.0,85.0
0.01875,0.13125,0.15,1602240771,12.5,87.5
0.45,2.55,3.0,1602250586,15.0,85.0
0.250003305,1.416666695,1.66667,1602251544,15.0,85.0
0.025,0.175,0.2,1602284073,12.5,87.5
0.6,3.4,4.0,1602723771,15.0,85.0
0.0495,0.2805,0.33,1602269084,15.0,85.0
0.05375,0.37625,0.43,1615927631,12.5,87.5
0.015,0.085,0.1,1602316215,15.0,85.0
0.012,0.068,0.08,1602282721,15.0,85.0
0.045,0.255,0.3,1602454244,15.0,85.0
0.3375,1.9125,2.25,1602459675,15.0,85.0
0.375,2.125,2.5,1602459675,15.0,85.0
0.57,3.23,3.8,1602368832,15.0,85.0
0.12,0.68,0.8,1602381006,15.0,85.0
0.075,0.425,0.5,1602384176,15.0,85.0
0.9,5.1,6.0,1602454963,15.0,85.0
1.35,7.65,9.0,1602479228,15.0,85.0
0.1125,0.6375,0.75,1602402952,15.0,85.0
0.3,1.7,2.0,1602518519,15.0,85.0
0.0225,0.1275,0.15,1602429492,15.0,85.0
0.195,1.105,1.3,1602529627,15.0,85.0
0.075,0.425,0.5,1607198813,15.0,85.0
0.0495,0.2805,0.33,1602517383,15.0,85.0
0.0105,0.0595,0.07,1602457937,15.0,85.0
0.45,2.55,3.0,1602470972,15.0,85.0
1.125,6.375,7.5,1602529627,15.0,85.0
0.045,0.255,0.3,1602543469,15.0,85.0
0.9,5.1,6.0,1602568899,15.0,85.0
0.33,1.87,2.2,1602576454,15.0,85.0
0.375,2.125,2.5,1602611372,15.0,85.0
0.0825,0.4675,0.55,1602875094,15.0,85.0
0.525,2.975,3.5,1602657184,15.0,85.0
0.225,1.275,1.5,1602680368,15.0,85.0
0.074985,0.424915,0.4999,1602688816,15.0,85.0
0.45,2.55,3.0,1602690994,15.0,85.0
0.15,0.85,1.0,1602695947,15.0,85.0
0.042,0.238,0.28,1602848224,15.0,85.0
0.0165,0.0935,0.11,1602861308,15.0,85.0
0.15,0.85,1.0,1602874893,15.0,85.0
0.9,5.1,6.0,1602875589,15.0,85.0
0.0625,0.4375,0.5,1609634967,12.5,87.5
0.0375,0.2125,0.25,1602890873,15.0,85.0
0.45,2.55,3.0,1602902149,15.0,85.0
0.45,2.55,3.0,1602905362,15.0,85.0
0.0225,0.1275,0.15,1603830818,15.0,85.0
0.025,0.175,0.2,1602944721,12.5,87.5
0.0165,0.0935,0.11,1603206223,15.0,85.0
0.15,0.85,1.0,1602961674,15.0,85.0
0.09,0.51,0.6,1602975004,15.0,85.0
0.0625,0.4375,0.5,1615580410,12.5,87.5
0.00625,0.04375,0.05,1606513743,12.5,87.5
0.0525,0.2975,0.35,1603091002,15.0,85.0
0.2325,1.3175,1.55,1603122769,15.0,85.0
0.48,2.72,3.2,1603117753,15.0,85.0
0.15,0.85,1.0,1603128702,15.0,85.0
0.03125,0.21875,0.25,1614460804,12.5,87.5
0.75,4.25,5.0,1603140917,15.0,85.0
0.45,2.55,3.0,1603141032,15.0,85.0
0.15,0.85,1.0,1603142429,15.0,85.0
0.015,0.085,0.1,1603225338,15.0,85.0
0.2025,1.1475,1.35,1603158665,15.0,85.0
0.285,1.615,1.9,1603181463,15.0,85.0
0.165,0.935,1.1,1603202823,15.0,85.0
0.3225,1.8275,2.15,1603260858,15.0,85.0
0.0105,0.0595,0.07,1603205601,15.0,85.0
0.012,0.068,0.08,1603205625,15.0,85.0
0.0105,0.0595,0.07,1603205727,15.0,85.0
0.012,0.068,0.08,1603205777,15.0,85.0
0.012,0.068,0.08,1603205806,15.0,85.0
0.0105,0.0595,0.07,1603205887,15.0,85.0
0.006,0.034,0.04,1603206133,15.0,85.0
0.0105,0.0595,0.07,1603206133,15.0,85.0
0.015,0.085,0.1,1603206280,15.0,85.0
0.015,0.085,0.1,1603206324,15.0,85.0
0.1275,0.7225,0.85,1603267762,15.0,85.0
0.0375,0.2125,0.25,1603306431,15.0,85.0
0.3,1.7,2.0,1603571621,15.0,85.0
0.315,1.785,2.1,1604616307,15.0,85.0
0.525,2.975,3.5,1604120253,15.0,85.0
0.6,3.4,4.0,1604417335,15.0,85.0
0.3,1.7,2.0,1603619311,15.0,85.0
0.0375,0.2125,0.25,1603412998,15.0,85.0
1.05,5.95,7.0,1603438988,15.0,85.0
0.0075,0.0425,0.05,1603510091,15.0,85.0
0.15,0.85,1.0,1604235187,15.0,85.0
0.03125,0.21875,0.25,1615047118,12.5,87.5
0.3,1.7,2.0,1603604625,15.0,85.0
0.375,2.125,2.5,1603640766,15.0,85.0
0.225,1.275,1.5,1603587825,15.0,85.0
0.015,0.085,0.1,1603643801,15.0,85.0
0.01875,0.10625,0.125,1603643886,15.0,85.0
0.01875,0.10625,0.125,1603643827,15.0,85.0
0.45,2.55,3.0,1603630462,15.0,85.0
0.45,2.55,3.0,1603630494,15.0,85.0
0.45,2.55,3.0,1603630533,15.0,85.0
0.004375,0.030625,0.035,1603652616,12.5,87.5
0.15,0.85,1.0,1603706013,15.0,85.0
0.3,1.7,2.0,1603829145,15.0,85.0
0.0375,0.2125,0.25,1603738702,15.0,85.0
0.015625,0.109375,0.125,1612625869,12.5,87.5
0.00825,0.04675,0.055,1606616765,15.0,85.0
0.0075,0.0425,0.05,1606616765,15.0,85.0
0.651,3.689,4.34,1604349452,15.0,85.0
1.2,6.8,8.0,1604169489,15.0,85.0
0.375,2.125,2.5,1603840731,15.0,85.0
0.0375,0.2125,0.25,1603896886,15.0,85.0
0.0375,0.2125,0.25,1603896886,15.0,85.0
0.3,1.7,2.0,1607368682,15.0,85.0
0.3,1.7,2.0,1603911093,15.0,85.0
0.75,4.25,5.0,1607436753,15.0,85.0
0.015,0.085,0.1,1604504312,15.0,85.0
0.02625,0.14875,0.175,1604062678,15.0,85.0
0.02475,0.14025,0.165,1604046948,15.0,85.0
0.1125,0.6375,0.75,1604097544,15.0,85.0
0.02475,0.14025,0.165,1604090189,15.0,85.0
0.033,0.187,0.22,1604071558,15.0,85.0
0.1332,0.7548,0.888,1604170369,15.0,85.0
0.0495,0.2805,0.33,1604078019,15.0,85.0
0.375,2.125,2.5,1604224916,15.0,85.0
0.1125,0.7875,0.9,1615312933,12.5,87.5
0.0375,0.2125,0.25,1604384571,15.0,85.0
0.0375,0.2125,0.25,1604384567,15.0,85.0
0.10725,0.60775,0.715,1605465483,15.0,85.0
0.0135,0.0765,0.09,1606946089,15.0,85.0
0.05,0.35,0.4,1606587741,12.5,87.5
0.075,0.425,0.5,1604171912,15.0,85.0
0.075,0.425,0.5,1604175157,15.0,85.0
0.0625,0.4375,0.5,1614786983,12.5,87.5
0.625,4.375,5.0,1604280877,12.5,87.5
0.00825,0.04675,0.055,1606946090,15.0,85.0
0.00825,0.04675,0.055,1606946102,15.0,85.0
0.045,0.255,0.3,1604268954,15.0,85.0
0.1,0.7,0.8,1604318706,12.5,87.5
0.0495,0.2805,0.33,1604320936,15.0,85.0
0.054,0.306,0.36,1604321705,15.0,85.0
0.01,0.07,0.08,1615008128,12.5,87.5
0.495,2.805,3.3,1604349452,15.0,85.0
0.495,2.805,3.3,1604349452,15.0,85.0
0.0375,0.2125,0.25,1604780106,15.0,85.0
0.3,1.7,2.0,1604365736,15.0,85.0
0.375,2.125,2.5,1604393099,15.0,85.0
0.015,0.085,0.1,1604428228,15.0,85.0
0.0625,0.4375,0.5,1614817584,12.5,87.5
0.006,0.034,0.04,1604501503,15.0,85.0
0.0975,0.5525,0.65,1604700016,15.0,85.0
0.045,0.255,0.3,1604590111,15.0,85.0
0.0105,0.0595,0.07,1604518560,15.0,85.0
0.006,0.034,0.04,1604505072,15.0,85.0
0.015,0.085,0.1,1604520836,15.0,85.0
0.006,0.034,0.04,1604523849,15.0,85.0
0.006,0.034,0.04,1604525270,15.0,85.0
0.3,1.7,2.0,1604585400,15.0,85.0
0.15,0.85,1.0,1604639362,15.0,85.0
0.0375,0.2125,0.25,1604613894,15.0,85.0
0.045,0.255,0.3,1604618968,15.0,85.0
0.0975,0.5525,0.65,1604619302,15.0,85.0
0.525,2.975,3.5,1604805273,15.0,85.0
0.0975,0.5525,0.65,1604619442,15.0,85.0
0.0975,0.5525,0.65,1604619453,15.0,85.0
0.0975,0.5525,0.65,1604619453,15.0,85.0
0.0975,0.5525,0.65,1604619454,15.0,85.0
0.0975,0.5525,0.65,1604619485,15.0,85.0
0.075,0.425,0.5,1604619657,15.0,85.0
0.075,0.425,0.5,1604619659,15.0,85.0
0.075,0.425,0.5,1604619860,15.0,85.0
0.075,0.425,0.5,1604619910,15.0,85.0
0.0975,0.5525,0.65,1604620303,15.0,85.0
0.0975,0.5525,0.65,1604620908,15.0,85.0
1.1655,6.6045,7.77,1604808485,15.0,85.0
0.075,0.425,0.5,1604621191,15.0,85.0
0.0975,0.5525,0.65,1604621204,15.0,85.0
0.075,0.425,0.5,1604621605,15.0,85.0
0.03,0.17,0.2,1604937347,15.0,85.0
0.0975,0.5525,0.65,1604622312,15.0,85.0
0.3,1.7,2.0,1604645952,15.0,85.0
0.4125,2.3375,2.75,1605067825,15.0,85.0
0.0225,0.1275,0.15,1604690591,15.0,85.0
0.225,1.275,1.5,1604664981,15.0,85.0
0.0495,0.2805,0.33,1604686345,15.0,85.0
0.3,1.7,2.0,1604682104,15.0,85.0
0.195,1.105,1.3,1604687571,15.0,85.0
0.0375,0.2125,0.25,1604937347,15.0,85.0
0.03,0.17,0.2,1604900891,15.0,85.0
0.03,0.17,0.2,1604900891,15.0,85.0
0.225,1.275,1.5,1605662873,15.0,85.0
0.15,0.85,1.0,1605589090,15.0,85.0
0.0375,0.2125,0.25,1604786757,15.0,85.0
0.225,1.275,1.5,1605658139,15.0,85.0
0.0105,0.0595,0.07,1604779589,15.0,85.0
0.006,0.034,0.04,1604779906,15.0,85.0
0.012,0.068,0.08,1604779948,15.0,85.0
0.012,0.068,0.08,1604780057,15.0,85.0
0.3125,2.1875,2.5,1604782146,12.5,87.5
0.075,0.425,0.5,1604835092,15.0,85.0
0.12,0.68,0.8,1605990725,15.0,85.0
0.45,2.55,3.0,1604872847,15.0,85.0
1.5,8.5,10.0,1605053333,15.0,85.0
0.285,1.615,1.9,1604873019,15.0,85.0
0.033,0.187,0.22,1604890682,15.0,85.0
0.0975,0.5525,0.65,1605044460,15.0,85.0
0.0417,0.2363,0.278,1604890682,15.0,85.0
0.04125,0.23375,0.275,1604890186,15.0,85.0
0.037375,0.261625,0.299,1604898187,12.5,87.5
0.03,0.17,0.2,1604909948,15.0,85.0
0.045,0.255,0.3,1605022134,15.0,85.0
0.03375,0.19125,0.225,1605022280,15.0,85.0
0.15,0.85,1.0,1605013122,15.0,85.0
0.1155,0.6545,0.77,1604969997,15.0,85.0
0.06,0.34,0.4,1604947607,15.0,85.0
0.21,1.19,1.4,1604947611,15.0,85.0
0.375,2.625,3.0,1616649831,12.5,87.5
0.6,3.4,4.0,1605049549,15.0,85.0
0.4875,2.7625,3.25,1605201706,15.0,85.0
0.465,2.635,3.1,1605101592,15.0,85.0
0.0125,0.0875,0.1,1605140539,12.5,87.5
0.45,2.55,3.0,1605145613,15.0,85.0
0.03,0.17,0.2,1605169550,15.0,85.0
0.075,0.425,0.5,1605224070,15.0,85.0
1.05,5.95,7.0,1605573195,15.0,85.0
1.05,5.95,7.0,1605573164,15.0,85.0
0.075,0.425,0.5,1605226825,15.0,85.0
0.045,0.255,0.3,1605281749,15.0,85.0
0.12,0.68,0.8,1605424541,15.0,85.0
0.15,0.85,1.0,1605516215,15.0,85.0
0.15,0.85,1.0,1605433519,15.0,85.0
0.45,2.55,3.0,1605464511,15.0,85.0
0.01275,0.07225,0.085,1608919626,15.0,85.0
0.45,2.55,3.0,1605516039,15.0,85.0
0.375,2.125,2.5,1605535534,15.0,85.0
0.03,0.17,0.2,1605605770,15.0,85.0
0.0825,0.4675,0.55,1605710003,15.0,85.0
0.0225,0.1275,0.15,1605644657,15.0,85.0
0.045,0.255,0.3,1605620011,15.0,85.0
0.45,2.55,3.0,1605624190,15.0,85.0
0.045,0.255,0.3,1605662248,15.0,85.0
0.045,0.255,0.3,1605665204,15.0,85.0
0.045,0.255,0.3,1605665204,15.0,85.0
0.00825,0.04675,0.055,1605717366,15.0,85.0
0.3225,1.8275,2.15,1605726293,15.0,85.0
0.045,0.255,0.3,1605739988,15.0,85.0
0.1155,0.6545,0.77,1606675443,15.0,85.0
0.045,0.255,0.3,1605768609,15.0,85.0
0.0387,0.2193,0.258,1605861382,15.0,85.0
0.1875,1.3125,1.5,1611280940,12.5,87.5
0.1725,0.9775,1.15,1606047337,15.0,85.0
0.03375,0.19125,0.225,1605865603,15.0,85.0
0.0675,0.3825,0.45,1605928081,15.0,85.0
0.03075,0.17425,0.205,1605868013,15.0,85.0
0.1782,1.0098,1.188,1606243466,15.0,85.0
0.225,1.275,1.5,1605909207,15.0,85.0
0.45,2.55,3.0,1605914772,15.0,85.0
0.3,1.7,2.0,1605914831,15.0,85.0
0.45,2.55,3.0,1606703846,15.0,85.0
0.0525,0.2975,0.35,1606022461,15.0,85.0
0.0375,0.2125,0.25,1606022448,15.0,85.0
0.04875,0.27625,0.325,1606022942,15.0,85.0
0.01875,0.13125,0.15,1615763256,12.5,87.5
0.45,2.55,3.0,1607027268,15.0,85.0
0.225,1.275,1.5,1606086054,15.0,85.0
0.075,0.425,0.5,1606098450,15.0,85.0
0.1275,0.7225,0.85,1606100251,15.0,85.0
0.012,0.068,0.08,1606104688,15.0,85.0
0.063,0.357,0.42,1606305624,15.0,85.0
0.125,0.875,1.0,1606190968,12.5,87.5
0.375,2.125,2.5,1606208712,15.0,85.0
0.125,0.875,1.0,1606238767,12.5,87.5
0.6,3.4,4.0,1606244990,15.0,85.0
0.18,1.02,1.2,1614638952,15.0,85.0
0.03,0.17,0.2,1606256620,15.0,85.0
1.125,6.375,7.5,1606269250,15.0,85.0
0.015,0.085,0.1,1607262459,15.0,85.0
0.255,1.445,1.7,1609858452,15.0,85.0
0.025,0.175,0.2,1608301373,12.5,87.5
0.0125,0.0875,0.1,1615923713,12.5,87.5
0.525,2.975,3.5,1607448793,15.0,85.0
0.02025,0.11475,0.135,1614893719,15.0,85.0
0.1125,0.6375,0.75,1611555956,15.0,85.0
0.0975,0.5525,0.65,1608674161,15.0,85.0
0.01035,0.05865,0.069,1607134008,15.0,85.0
0.3,1.7,2.0,1606674189,15.0,85.0
0.1875,1.0625,1.25,1610218093,15.0,85.0
0.0105,0.0595,0.07,1606607049,15.0,85.0
0.08325,0.47175,0.555,1606611946,15.0,85.0
0.015,0.085,0.1,1606946089,15.0,85.0
0.21,1.19,1.4,1606667573,15.0,85.0
0.0825,0.4675,0.55,1613943664,15.0,85.0
0.0825,0.4675,0.55,1613943664,15.0,85.0
0.01875,0.10625,0.125,1606675399,15.0,85.0
0.0225,0.1275,0.15,1606686678,15.0,85.0
0.02625,0.14875,0.175,1606754487,15.0,85.0
0.075,0.425,0.5,1606683511,15.0,85.0
0.0825,0.4675,0.55,1606685852,15.0,85.0
0.09,0.51,0.6,1606687300,15.0,85.0
0.015,0.085,0.1,1606768840,15.0,85.0
0.3,1.7,2.0,1606703760,15.0,85.0
0.15,0.85,1.0,1606802207,15.0,85.0
0.255,1.445,1.7,1606802776,15.0,85.0
0.015,0.085,0.1,1606819952,15.0,85.0
0.15,0.85,1.0,1606866731,15.0,85.0
0.0195,0.1105,0.13,1606866501,15.0,85.0
0.375,2.125,2.5,1614580487,15.0,85.0
0.1815,1.0285,1.21,1607117507,15.0,85.0
0.2596965,1.4716135,1.73131,1607435168,15.0,85.0
0.09,0.51,0.6,1606933423,15.0,85.0
0.2325,1.3175,1.55,1606943659,15.0,85.0
0.075,0.425,0.5,1606944220,15.0,85.0
0.078,0.442,0.52,1606948423,15.0,85.0
0.3,1.7,2.0,1607100734,15.0,85.0
0.0225,0.1275,0.15,1612986316,15.0,85.0
0.195,1.105,1.3,1607113231,15.0,85.0
0.0765,0.4335,0.51,1606991939,15.0,85.0
0.0525,0.2975,0.35,1607113965,15.0,85.0
0.015,0.085,0.1,1607338038,15.0,85.0
0.0165,0.0935,0.11,1607028714,15.0,85.0
0.0375,0.2125,0.25,1607040631,15.0,85.0
0.6,3.4,4.0,1607100342,15.0,85.0
0.1425,0.8075,0.95,1607105116,15.0,85.0
0.105,0.595,0.7,1607303634,15.0,85.0
0.3375,1.9125,2.25,1609094792,15.0,85.0
0.00825,0.04675,0.055,1607189909,15.0,85.0
0.18,1.02,1.2,1607407603,15.0,85.0
0.100005,0.566695,0.6667,1607376510,15.0,85.0
0.0375,0.2125,0.25,1607198813,15.0,85.0
0.0375,0.2125,0.25,1607200596,15.0,85.0
0.0075,0.0425,0.05,1607233110,15.0,85.0
0.015,0.085,0.1,1607264412,15.0,85.0
0.0275,0.1925,0.22,1614446730,12.5,87.5
0.225,1.275,1.5,1607287509,15.0,85.0
0.45,2.55,3.0,1607287509,15.0,85.0
0.375,2.125,2.5,1607287513,15.0,85.0
0.0075,0.0425,0.05,1607282990,15.0,85.0
0.0264812715,0.1500617285,0.176543,1607639147,15.0,85.0
0.225,1.275,1.5,1607324776,15.0,85.0
1.05,5.95,7.0,1607724951,15.0,85.0
0.12,0.68,0.8,1607341842,15.0,85.0
0.3,1.7,2.0,1607368682,15.0,85.0
0.00975,0.05525,0.065,1607489978,15.0,85.0
0.45,2.55,3.0,1607354399,15.0,85.0
0.1875,1.3125,1.5,1616404817,12.5,87.5
0.0375,0.2125,0.25,1607400240,15.0,85.0
0.045,0.255,0.3,1607422000,15.0,85.0
0.0525,0.2975,0.35,1607587829,15.0,85.0
0.0375,0.2125,0.25,1607432930,15.0,85.0
0.0165,0.0935,0.11,1609569325,15.0,85.0
0.261426,1.481414,1.74284,1607435134,15.0,85.0
0.259698,1.471622,1.73132,1607435134,15.0,85.0
0.45,2.55,3.0,1607442449,15.0,85.0
0.45,2.55,3.0,1607442468,15.0,85.0
0.45,2.55,3.0,1607445020,15.0,85.0
0.015,0.085,0.1,1607470798,15.0,85.0
0.06,0.34,0.4,1607887146,15.0,85.0
0.15,0.85,1.0,1607634043,15.0,85.0
0.0915,0.5185,0.61,1607632247,15.0,85.0
0.09,0.51,0.6,1607580908,15.0,85.0
0.075,0.425,0.5,1607630471,15.0,85.0
0.195,1.105,1.3,1607597632,15.0,85.0
0.018,0.102,0.12,1607625836,15.0,85.0
0.45,2.55,3.0,1607675752,15.0,85.0
0.018,0.102,0.12,1607627406,15.0,85.0
0.018,0.102,0.12,1607628504,15.0,85.0
0.018,0.102,0.12,1607628504,15.0,85.0
0.018,0.102,0.12,1607628688,15.0,85.0
0.018,0.102,0.12,1607628972,15.0,85.0
0.018,0.102,0.12,1607629167,15.0,85.0
0.018,0.102,0.12,1607629171,15.0,85.0
0.018,0.102,0.12,1607629416,15.0,85.0
0.018,0.102,0.12,1607629387,15.0,85.0
0.018,0.102,0.12,1607629647,15.0,85.0
0.018,0.102,0.12,1607629647,15.0,85.0
0.018,0.102,0.12,1607629773,15.0,85.0
0.018,0.102,0.12,1608106495,15.0,85.0
0.018,0.102,0.12,1607635852,15.0,85.0
0.018,0.102,0.12,1607635930,15.0,85.0
0.018,0.102,0.12,1607636038,15.0,85.0
0.018,0.102,0.12,1607636096,15.0,85.0
0.018,0.102,0.12,1607636104,15.0,85.0
0.018,0.102,0.12,1607638269,15.0,85.0
0.018,0.102,0.12,1607638272,15.0,85.0
0.6,3.4,4.0,1607639986,15.0,85.0
0.045,0.255,0.3,1607645257,15.0,85.0
0.25575,1.44925,1.705,1607893223,15.0,85.0
0.15,0.85,1.0,1614680263,15.0,85.0
0.09,0.51,0.6,1608362067,15.0,85.0
0.045,0.255,0.3,1607681398,15.0,85.0
0.045,0.255,0.3,1607682763,15.0,85.0
0.03,0.17,0.2,1607712276,15.0,85.0
0.0225,0.1275,0.15,1607731388,15.0,85.0
0.0315,0.1785,0.21,1607775218,15.0,85.0
0.02265,0.12835,0.151,1607776527,15.0,85.0
0.0225,0.1275,0.15,1607773960,15.0,85.0
0.02265,0.12835,0.151,1607776527,15.0,85.0
0.02265,0.12835,0.151,1607777676,15.0,85.0
0.6,3.4,4.0,1607851409,15.0,85.0
0.02475,0.14025,0.165,1607798797,15.0,85.0
0.02475,0.14025,0.165,1607798797,15.0,85.0
0.0915,0.5185,0.61,1607884379,15.0,85.0
0.0375,0.2125,0.25,1607882393,15.0,85.0
0.0975,0.5525,0.65,1608171723,15.0,85.0
0.0975,0.5525,0.65,1608139076,15.0,85.0
0.21875,1.53125,1.75,1614452688,12.5,87.5
0.375,2.125,2.5,1607895779,15.0,85.0
0.0225,0.1275,0.15,1607914971,15.0,85.0
0.105,0.595,0.7,1607906892,15.0,85.0
0.075,0.425,0.5,1607914483,15.0,85.0
0.00615,0.03485,0.041,1607928983,15.0,85.0
0.042,0.238,0.28,1610251043,15.0,85.0
0.075,0.425,0.5,1608000906,15.0,85.0
0.045,0.255,0.3,1608037398,15.0,85.0
0.315,1.785,2.1,1608026046,15.0,85.0
0.042,0.238,0.28,1608057204,15.0,85.0
0.06,0.34,0.4,1608058028,15.0,85.0
0.075,0.425,0.5,1608049399,15.0,85.0
0.3225,1.8275,2.15,1608238848,15.0,85.0
0.195,1.105,1.3,1609306052,15.0,85.0
0.625,4.375,5.0,1615146865,12.5,87.5
1.2,6.8,8.0,1608156666,15.0,85.0
0.225,1.275,1.5,1612991111,15.0,85.0
0.3,1.7,2.0,1608217678,15.0,85.0
0.21,1.19,1.4,1608261714,15.0,85.0
0.075,0.425,0.5,1608580671,15.0,85.0
0.3,1.7,2.0,1609185994,15.0,85.0
0.0375,0.2125,0.25,1608277804,15.0,85.0
0.04065,0.23035,0.271,1608239677,15.0,85.0
0.1875,1.0625,1.25,1608589073,15.0,85.0
0.015,0.085,0.1,1609569325,15.0,85.0
0.0375,0.2125,0.25,1608280891,15.0,85.0
0.075,0.425,0.5,1608316809,15.0,85.0
0.0125,0.0875,0.1,1609763029,12.5,87.5
0.024,0.136,0.16,1608346414,15.0,85.0
0.075,0.425,0.5,1608354466,15.0,85.0
0.075,0.425,0.5,1608400310,15.0,85.0
0.0345,0.1955,0.23,1608432119,15.0,85.0
0.15,0.85,1.0,1608754770,15.0,85.0
0.1375,0.9625,1.1,1616531220,12.5,87.5
0.225,1.275,1.5,1608457290,15.0,85.0
0.015,0.085,0.1,1608435629,15.0,85.0
1.0395,5.8905,6.93,1608624463,15.0,85.0
0.3,1.7,2.0,1608472879,15.0,85.0
0.15,0.85,1.0,1608478398,15.0,85.0
0.1095,0.6205,0.73,1608662306,15.0,85.0
0.24,1.36,1.6,1613594197,15.0,85.0
0.15,0.85,1.0,1608550492,15.0,85.0
0.018,0.102,0.12,1608563964,15.0,85.0
0.015,0.085,0.1,1609569325,15.0,85.0
0.0375,0.2125,0.25,1608585471,15.0,85.0
0.015,0.085,0.1,1608624442,15.0,85.0
0.0225,0.1275,0.15,1608596899,15.0,85.0
0.099875,0.699125,0.799,1608614107,12.5,87.5
0.04875,0.34125,0.39,1608614858,12.5,87.5
0.0225,0.1275,0.15,1608649486,15.0,85.0
0.037375,0.261625,0.299,1608618649,12.5,87.5
0.087375,0.611625,0.699,1608618756,12.5,87.5
0.09735,0.55165,0.649,1608680016,15.0,85.0
0.03,0.17,0.2,1608637236,15.0,85.0
0.0825,0.4675,0.55,1608680080,15.0,85.0
0.12375,0.86625,0.99,1608637144,12.5,87.5
0.3,1.7,2.0,1608645704,15.0,85.0
0.06,0.34,0.4,1608749303,15.0,85.0
0.06,0.34,0.4,1608717209,15.0,85.0
0.06,0.34,0.4,1608749303,15.0,85.0
0.075,0.425,0.5,1608749264,15.0,85.0
0.225,1.275,1.5,1608715461,15.0,85.0
0.0495,0.2805,0.33,1608739613,15.0,85.0
0.075,0.425,0.5,1609177053,15.0,85.0
0.15,0.85,1.0,1608725740,15.0,85.0
0.0825,0.4675,0.55,1609464635,15.0,85.0
0.03,0.17,0.2,1608944572,15.0,85.0
0.01275,0.07225,0.085,1608812275,15.0,85.0
0.01275,0.07225,0.085,1608813989,15.0,85.0
0.6,3.4,4.0,1608731907,15.0,85.0
0.0375,0.2125,0.25,1608749886,15.0,85.0
0.075,0.425,0.5,1608757548,15.0,85.0
0.066,0.374,0.44,1609186901,15.0,85.0
0.3,1.7,2.0,1609000447,15.0,85.0
0.0495,0.2805,0.33,1608761364,15.0,85.0
0.045,0.255,0.3,1608773555,15.0,85.0
0.21,1.19,1.4,1608766850,15.0,85.0
1.8,10.2,12.0,1614554317,15.0,85.0
1.8,10.2,12.0,1614536947,15.0,85.0
0.0765,0.4335,0.51,1608838341,15.0,85.0
0.015,0.085,0.1,1608803448,15.0,85.0
0.0435,0.2465,0.29,1608805278,15.0,85.0
0.015,0.085,0.1,1608828657,15.0,85.0
0.01275,0.07225,0.085,1608902478,15.0,85.0
0.0765,0.4335,0.51,1608845636,15.0,85.0
0.01275,0.07225,0.085,1608902478,15.0,85.0
0.1665,0.9435,1.11,1608972803,15.0,85.0
0.165,0.935,1.1,1608834903,15.0,85.0
0.015,0.085,0.1,1608846237,15.0,85.0
0.042,0.238,0.28,1608885454,15.0,85.0
0.01275,0.07225,0.085,1608902478,15.0,85.0
0.01275,0.07225,0.085,1608902478,15.0,85.0
0.057,0.323,0.38,1608896242,15.0,85.0
0.15,1.05,1.2,1608891265,12.5,87.5
0.0875,0.6125,0.7,1608892129,12.5,87.5
0.015,0.085,0.1,1618185520,15.0,85.0
0.015,0.085,0.1,1608917963,15.0,85.0
0.087,0.493,0.58,1608919644,15.0,85.0
0.01275,0.07225,0.085,1608919626,15.0,85.0
0.15,0.85,1.0,1609150535,15.0,85.0
0.087,0.493,0.58,1608924148,15.0,85.0
0.05445,0.30855,0.363,1609010837,15.0,85.0
0.03,0.17,0.2,1609098999,15.0,85.0
0.6,3.4,4.0,1608937295,15.0,85.0
0.009,0.051,0.06,1608940253,15.0,85.0
0.006,0.034,0.04,1608940253,15.0,85.0
0.0075,0.0425,0.05,1608940253,15.0,85.0
0.03,0.17,0.2,1613674980,15.0,85.0
0.0525,0.2975,0.35,1609010855,15.0,85.0
0.012,0.068,0.08,1609833595,15.0,85.0
0.1125,0.6375,0.75,1609093007,15.0,85.0
0.015,0.085,0.1,1608986577,15.0,85.0
0.027,0.153,0.18,1609002116,15.0,85.0
0.0195,0.1105,0.13,1609020585,15.0,85.0
0.0195,0.1105,0.13,1609019893,15.0,85.0
0.3,1.7,2.0,1609062300,15.0,85.0
0.15,0.85,1.0,1609047976,15.0,85.0
0.021825,0.123675,0.1455,1609111468,15.0,85.0
0.45,2.55,3.0,1609477826,15.0,85.0
0.0375,0.2125,0.25,1609169041,15.0,85.0
0.3375,1.9125,2.25,1609094857,15.0,85.0
0.0675,0.3825,0.45,1609184029,15.0,85.0
0.075,0.425,0.5,1609161862,15.0,85.0
0.075,0.425,0.5,1609161777,15.0,85.0
0.075,0.425,0.5,1609161448,15.0,85.0
0.09,0.51,0.6,1609109288,15.0,85.0
0.15,0.85,1.0,1609477826,15.0,85.0
0.06,0.34,0.4,1609175489,15.0,85.0
0.0105,0.0595,0.07,1609453572,15.0,85.0
0.2325,1.3175,1.55,1609694928,15.0,85.0
0.15,0.85,1.0,1609295950,15.0,85.0
0.035,0.245,0.28,1613857128,12.5,87.5
0.225,1.275,1.5,1609286766,15.0,85.0
0.0675,0.3825,0.45,1609879716,15.0,85.0
0.015,0.085,0.1,1609352234,15.0,85.0
0.075,0.425,0.5,1609406926,15.0,85.0
0.045,0.255,0.3,1609400604,15.0,85.0
0.045,0.255,0.3,1609966339,15.0,85.0
0.1375,0.9625,1.1,1614475592,12.5,87.5
0.045,0.255,0.3,1611060122,15.0,85.0
0.018,0.102,0.12,1609464333,15.0,85.0
0.0675,0.3825,0.45,1613604896,15.0,85.0
0.06,0.34,0.4,1613422604,15.0,85.0
0.006,0.034,0.04,1609531528,15.0,85.0
0.225,1.275,1.5,1609527981,15.0,85.0
0.0249,0.1411,0.166,1609799177,15.0,85.0
0.0225,0.1275,0.15,1609704884,15.0,85.0
0.12,0.68,0.8,1609584126,15.0,85.0
0.0345,0.1955,0.23,1609613664,15.0,85.0
0.09735,0.55165,0.649,1609631429,15.0,85.0
0.0375,0.2125,0.25,1609699456,15.0,85.0
0.099,0.561,0.66,1609670212,15.0,85.0
0.03,0.17,0.2,1609644136,15.0,85.0
0.00495,0.02805,0.033,1609797480,15.0,85.0
0.00495,0.02805,0.033,1609797539,15.0,85.0
0.1035,0.5865,0.69,1609705498,15.0,85.0
0.075,0.425,0.5,1609702011,15.0,85.0
0.1425,0.8075,0.95,1609766221,15.0,85.0
0.1065,0.6035,0.71,1609785483,15.0,85.0
0.135,0.765,0.9,1609788455,15.0,85.0
0.075,0.425,0.5,1610252558,15.0,85.0
0.165,0.935,1.1,1609811029,15.0,85.0
0.0225,0.1275,0.15,1609841173,15.0,85.0
0.0225,0.1275,0.15,1609834130,15.0,85.0
0.0225,0.1275,0.15,1609836362,15.0,85.0
0.04125,0.23375,0.275,1609879144,15.0,85.0
0.03,0.17,0.2,1610050049,15.0,85.0
0.0375,0.2125,0.25,1609971401,15.0,85.0
0.3,1.7,2.0,1609993325,15.0,85.0
0.225,1.275,1.5,1610016420,15.0,85.0
0.0255,0.1445,0.17,1609998581,15.0,85.0
0.3,1.7,2.0,1612510771,15.0,85.0
0.20625,1.16875,1.375,1610326984,15.0,85.0
0.105,0.595,0.7,1610062442,15.0,85.0
0.0525,0.2975,0.35,1610062442,15.0,85.0
0.15,0.85,1.0,1610165588,15.0,85.0
0.0525,0.2975,0.35,1610070962,15.0,85.0
0.018,0.102,0.12,1610098818,15.0,85.0
0.15,0.85,1.0,1610157058,15.0,85.0
0.2625,1.4875,1.75,1610096689,15.0,85.0
0.15,0.85,1.0,1610286643,15.0,85.0
0.15,0.85,1.0,1610107444,15.0,85.0
0.15,0.85,1.0,1610344482,15.0,85.0
0.0525,0.2975,0.35,1610165588,15.0,85.0
0.282,1.598,1.88,1610146415,15.0,85.0
0.039,0.221,0.26,1610235373,15.0,85.0
0.0525,0.2975,0.35,1610343341,15.0,85.0
0.045,0.255,0.3,1613969869,15.0,85.0
0.06,0.34,0.4,1613970316,15.0,85.0
0.0375,0.2125,0.25,1610203209,15.0,85.0
0.0375,0.2125,0.25,1610209843,15.0,85.0
0.0375,0.2125,0.25,1610209773,15.0,85.0
0.06,0.34,0.4,1610253732,15.0,85.0
0.00825,0.04675,0.055,1610282472,15.0,85.0
0.825,4.675,5.5,1610992140,15.0,85.0
0.015,0.085,0.1,1610431727,15.0,85.0
0.045,0.255,0.3,1610431673,15.0,85.0
0.06,0.34,0.4,1610862466,15.0,85.0
0.075,0.425,0.5,1610352902,15.0,85.0
0.01875,0.13125,0.15,1614939625,12.5,87.5
0.03,0.17,0.2,1610574827,15.0,85.0
0.15,0.85,1.0,1611641758,15.0,85.0
0.01875,0.13125,0.15,1610476605,12.5,87.5
0.1125,0.6375,0.75,1611251417,15.0,85.0
0.018,0.102,0.12,1610522861,15.0,85.0
0.3,1.7,2.0,1610483056,15.0,85.0
0.15,0.85,1.0,1610617088,15.0,85.0
0.15,0.85,1.0,1610517299,15.0,85.0
0.0345,0.1955,0.23,1610514765,15.0,85.0
0.033,0.187,0.22,1610629157,15.0,85.0
0.0225,0.1275,0.15,1610573512,15.0,85.0
0.075,0.425,0.5,1610577625,15.0,85.0
0.0532275,0.3016225,0.35485,1610643718,15.0,85.0
0.0225,0.1275,0.15,1610648477,15.0,85.0
0.0105,0.0595,0.07,1610648477,15.0,85.0
0.45,2.55,3.0,1610920866,15.0,85.0
0.3,1.7,2.0,1610920933,15.0,85.0
0.1845,1.0455,1.23,1613676341,15.0,85.0
0.09,0.51,0.6,1612458353,15.0,85.0
0.015,0.085,0.1,1610696111,15.0,85.0
0.13275,0.75225,0.885,1610708259,15.0,85.0
0.13275,0.75225,0.885,1610708114,15.0,85.0
0.03,0.17,0.2,1610711277,15.0,85.0
0.0225,0.1275,0.15,1610707252,15.0,85.0
0.015,0.085,0.1,1610710524,15.0,85.0
0.075,0.425,0.5,1610758073,15.0,85.0
0.015,0.085,0.1,1610728434,15.0,85.0
0.09375,0.65625,0.75,1614971058,12.5,87.5
0.06,0.34,0.4,1611832286,15.0,85.0
0.075,0.425,0.5,1610773756,15.0,85.0
0.1275,0.7225,0.85,1610937556,15.0,85.0
0.25,1.75,2.0,1616525049,12.5,87.5
0.075,0.425,0.5,1610907844,15.0,85.0
0.0975,0.5525,0.65,1610832959,15.0,85.0
0.0975,0.5525,0.65,1610832957,15.0,85.0
0.3,1.7,2.0,1610949011,15.0,85.0
0.045,0.255,0.3,1610822976,15.0,85.0
0.0387,0.2193,0.258,1610844364,15.0,85.0
0.03,0.17,0.2,1610857412,15.0,85.0
1.65000565,9.35009435,11.0001,1611090369,15.0,85.0
0.045,0.255,0.3,1610886088,15.0,85.0
0.075,0.425,0.5,1610892859,15.0,85.0
0.03,0.17,0.2,1610908872,15.0,85.0
0.03,0.17,0.2,1611164839,15.0,85.0
0.12,0.68,0.8,1613920546,15.0,85.0
0.03,0.17,0.2,1611002143,15.0,85.0
0.15,0.85,1.0,1610928799,15.0,85.0
0.09,0.51,0.6,1610928799,15.0,85.0
0.33,1.87,2.2,1611103330,15.0,85.0
0.14328,0.81192,0.9552,1610978979,15.0,85.0
0.045,0.255,0.3,1610965558,15.0,85.0
0.75,4.25,5.0,1611059772,15.0,85.0
0.3,1.7,2.0,1611080127,15.0,85.0
0.045,0.255,0.3,1611088706,15.0,85.0
0.0165,0.0935,0.11,1611160556,15.0,85.0
0.0375,0.2125,0.25,1611098278,15.0,85.0
0.0525,0.2975,0.35,1611123726,15.0,85.0
0.2835,1.6065,1.89,1614452463,15.0,85.0
0.105,0.595,0.7,1611394152,15.0,85.0
0.15,0.85,1.0,1611168723,15.0,85.0
0.09,0.51,0.6,1613843942,15.0,85.0
0.03,0.17,0.2,1611404498,15.0,85.0
0.057,0.323,0.38,1611334126,15.0,85.0
1.95,11.05,13.0,1611480223,15.0,85.0
0.075,0.425,0.5,1611328426,15.0,85.0
0.05625,0.39375,0.45,1617380849,12.5,87.5
0.0225,0.1275,0.15,1611356125,15.0,85.0
0.075,0.425,0.5,1611569139,15.0,85.0
0.15,0.85,1.0,1611559444,15.0,85.0
0.0225,0.1275,0.15,1611405344,15.0,85.0
0.03,0.17,0.2,1611487537,15.0,85.0
0.675,3.825,4.5,1611560559,15.0,85.0
0.15,0.85,1.0,1616812909,15.0,85.0
0.03,0.17,0.2,1611510944,15.0,85.0
0.3,1.7,2.0,1611538828,15.0,85.0
0.02325,0.13175,0.155,1613549817,15.0,85.0
0.03375,0.19125,0.225,1611547183,15.0,85.0
0.045,0.255,0.3,1611545786,15.0,85.0
0.18,1.02,1.2,1613675755,15.0,85.0
0.075,0.425,0.5,1611663699,15.0,85.0
0.03,0.17,0.2,1612648110,15.0,85.0
0.033,0.187,0.22,1611822091,15.0,85.0
0.045,0.255,0.3,1611663699,15.0,85.0
0.0465,0.2635,0.31,1612165795,15.0,85.0
0.075,0.425,0.5,1611687713,15.0,85.0
0.075,0.425,0.5,1612121258,15.0,85.0
0.045,0.255,0.3,1611767842,15.0,85.0
0.01125,0.06375,0.075,1611781699,15.0,85.0
0.75,4.25,5.0,1611750163,15.0,85.0
2.25,15.75,18.0,1613595952,12.5,87.5
0.075,0.425,0.5,1613806135,15.0,85.0
0.0225,0.1275,0.15,1611862458,15.0,85.0
0.06,0.34,0.4,1611862458,15.0,85.0
0.03,0.17,0.2,1611864650,15.0,85.0
0.09,0.51,0.6,1611865506,15.0,85.0
0.06,0.34,0.4,1611865579,15.0,85.0
0.0825,0.4675,0.55,1611870798,15.0,85.0
0.125,0.875,1.0,1617305981,12.5,87.5
0.0693,0.3927,0.462,1612121113,15.0,85.0
0.1875,1.0625,1.25,1612043382,15.0,85.0
0.075,0.425,0.5,1612036839,15.0,85.0
0.06875,0.48125,0.55,1612014150,12.5,87.5
0.9,5.1,6.0,1612176896,15.0,85.0
1.5,8.5,10.0,1614136835,15.0,85.0
0.105,0.595,0.7,1612282984,15.0,85.0
0.015,0.085,0.1,1612060121,15.0,85.0
0.03,0.17,0.2,1612785447,15.0,85.0
0.0375,0.2125,0.25,1612141313,15.0,85.0
0.075,0.425,0.5,1612189848,15.0,85.0
0.0225,0.1275,0.15,1614030555,15.0,85.0
0.0525,0.2975,0.35,1612211428,15.0,85.0
0.024,0.136,0.16,1612211450,15.0,85.0
0.042,0.238,0.28,1612211537,15.0,85.0
0.1875,1.0625,1.25,1613907043,15.0,85.0
0.045,0.255,0.3,1612278675,15.0,85.0
0.06,0.34,0.4,1613463333,15.0,85.0
0.09,0.51,0.6,1613496791,15.0,85.0
0.33,1.87,2.2,1612267311,15.0,85.0
0.1065,0.6035,0.71,1612278375,15.0,85.0
0.0804,0.4556,0.536,1612278694,15.0,85.0
0.0804,0.4556,0.536,1612279077,15.0,85.0
0.04995,0.28305,0.333,1612302756,15.0,85.0
0.04995,0.28305,0.333,1612307827,15.0,85.0
0.09,0.51,0.6,1612308814,15.0,85.0
0.075,0.425,0.5,1614773667,15.0,85.0
0.15,0.85,1.0,1613101339,15.0,85.0
0.075,0.425,0.5,1612520453,15.0,85.0
0.3,1.7,2.0,1612558606,15.0,85.0
0.51,2.89,3.4,1612729190,15.0,85.0
0.03,0.17,0.2,1614396677,15.0,85.0
0.3,1.7,2.0,1613394372,15.0,85.0
0.0375,0.2125,0.25,1612677461,15.0,85.0
0.0675,0.3825,0.45,1612734743,15.0,85.0
0.075,0.425,0.5,1612811549,15.0,85.0
0.3,1.7,2.0,1612694002,15.0,85.0
0.03,0.17,0.2,1612718035,15.0,85.0
0.045,0.255,0.3,1612866586,15.0,85.0
0.33,1.87,2.2,1612818574,15.0,85.0
0.375,2.125,2.5,1612943321,15.0,85.0
0.42,2.38,2.8,1612953580,15.0,85.0
0.075,0.425,0.5,1613015137,15.0,85.0
0.0525,0.2975,0.35,1612970725,15.0,85.0
0.045,0.255,0.3,1613286387,15.0,85.0
0.018,0.102,0.12,1613079525,15.0,85.0
0.018,0.102,0.12,1613079525,15.0,85.0
0.045,0.255,0.3,1613340672,15.0,85.0
0.0225,0.1275,0.15,1613112592,15.0,85.0
0.273,1.547,1.82,1613449852,15.0,85.0
0.0495,0.2805,0.33,1613049219,15.0,85.0
0.0495,0.2805,0.33,1613049216,15.0,85.0
0.0495,0.2805,0.33,1613049204,15.0,85.0
0.09,0.51,0.6,1613592522,15.0,85.0
0.045,0.255,0.3,1613059175,15.0,85.0
0.21,1.19,1.4,1613682860,15.0,85.0
0.18,1.02,1.2,1613941602,15.0,85.0
0.135,0.765,0.9,1613151639,15.0,85.0
0.1332,0.7548,0.888,1615998005,15.0,85.0
0.015,0.085,0.1,1613199540,15.0,85.0
0.0699,0.3961,0.466,1613209600,15.0,85.0
0.3,1.7,2.0,1613210772,15.0,85.0
0.6,3.4,4.0,1613234182,15.0,85.0
0.165,0.935,1.1,1613240559,15.0,85.0
0.045,0.255,0.3,1613290222,15.0,85.0
0.0285,0.1615,0.19,1613254448,15.0,85.0
0.135,0.765,0.9,1613316917,15.0,85.0
0.015,0.085,0.1,1613292230,15.0,85.0
0.027,0.153,0.18,1613295021,15.0,85.0
0.09,0.51,0.6,1613296668,15.0,85.0
0.0285,0.1615,0.19,1613302084,15.0,85.0
0.75,4.25,5.0,1613303469,15.0,85.0
0.15,0.85,1.0,1613331085,15.0,85.0
0.0875,0.6125,0.7,1613342644,12.5,87.5
0.066,0.374,0.44,1613499070,15.0,85.0
0.4125,2.3375,2.75,1613452195,15.0,85.0
0.045,0.255,0.3,1613403737,15.0,85.0
0.18,1.02,1.2,1613671990,15.0,85.0
0.0396,0.2244,0.264,1613474984,15.0,85.0
0.45,2.55,3.0,1613411012,15.0,85.0
0.119295,0.676005,0.7953,1613424590,15.0,85.0
0.75,4.25,5.0,1613502171,15.0,85.0
0.06,0.34,0.4,1613422589,15.0,85.0
0.057,0.323,0.38,1613432021,15.0,85.0
0.0165,0.0935,0.11,1613459852,15.0,85.0
0.02325,0.13175,0.155,1613528009,15.0,85.0
0.15,0.85,1.0,1613454090,15.0,85.0
0.075,0.425,0.5,1613459871,15.0,85.0
0.0625,0.4375,0.5,1613448531,12.5,87.5
0.105,0.595,0.7,1613456868,15.0,85.0
0.015,0.085,0.1,1613472679,15.0,85.0
0.0345,0.1955,0.23,1613466637,15.0,85.0
0.0345,0.1955,0.23,1613478681,15.0,85.0
0.45,2.55,3.0,1613485683,15.0,85.0
0.375,2.125,2.5,1613486353,15.0,85.0
0.075,0.425,0.5,1613496381,15.0,85.0
0.0693,0.3927,0.462,1613550837,15.0,85.0
0.0345,0.1955,0.23,1613495859,15.0,85.0
0.0825,0.4675,0.55,1613496502,15.0,85.0
0.03,0.17,0.2,1613499003,15.0,85.0
0.15,0.85,1.0,1613511727,15.0,85.0
0.06,0.34,0.4,1613611099,15.0,85.0
0.0945,0.5355,0.63,1613844644,15.0,85.0
0.0375,0.2125,0.25,1613510850,15.0,85.0
0.45,2.55,3.0,1613949403,15.0,85.0
0.1275,0.7225,0.85,1613524115,15.0,85.0
0.0855,0.4845,0.57,1613554695,15.0,85.0
0.045,0.255,0.3,1613606161,15.0,85.0
0.06,0.34,0.4,1613533134,15.0,85.0
0.1845,1.0455,1.23,1613536340,15.0,85.0
0.1575,0.8925,1.05,1613541900,15.0,85.0
0.3,1.7,2.0,1613541899,15.0,85.0
0.375,2.125,2.5,1613541719,15.0,85.0
0.08313,0.47107,0.5542,1613554829,15.0,85.0
0.0675,0.3825,0.45,1613554849,15.0,85.0
0.0825,0.4675,0.55,1613555108,15.0,85.0
0.0675,0.3825,0.45,1613555107,15.0,85.0
0.075,0.425,0.5,1613560449,15.0,85.0
0.375,2.125,2.5,1613560791,15.0,85.0
0.075,0.425,0.5,1613557451,15.0,85.0
0.3,1.7,2.0,1613556844,15.0,85.0
0.09,0.51,0.6,1613561699,15.0,85.0
0.06,0.34,0.4,1613561699,15.0,85.0
0.075,0.425,0.5,1613605618,15.0,85.0
0.15,0.85,1.0,1613828054,15.0,85.0
0.3,1.7,2.0,1613651553,15.0,85.0
0.1125,0.6375,0.75,1613637122,15.0,85.0
0.15,0.85,1.0,1613572872,15.0,85.0
0.075,0.425,0.5,1613585429,15.0,85.0
0.0675,0.3825,0.45,1613604896,15.0,85.0
0.105,0.595,0.7,1613585687,15.0,85.0
0.015,0.085,0.1,1613586385,15.0,85.0
0.03,0.17,0.2,1613663615,15.0,85.0
0.075,0.425,0.5,1613823022,15.0,85.0
0.12,0.68,0.8,1615660445,15.0,85.0
0.06,0.34,0.4,1613606742,15.0,85.0
0.045,0.255,0.3,1613608052,15.0,85.0
0.375,2.125,2.5,1613689605,15.0,85.0
0.075,0.425,0.5,1613609224,15.0,85.0
0.195,1.105,1.3,1613613641,15.0,85.0
0.125,0.875,1.0,1613616781,12.5,87.5
0.125,0.875,1.0,1613620610,12.5,87.5
0.06,0.34,0.4,1613630221,15.0,85.0
0.125,0.875,1.0,1613731454,12.5,87.5
0.01875,0.10625,0.125,1613662261,15.0,85.0
0.066,0.374,0.44,1613667460,15.0,85.0
0.078,0.442,0.52,1613668037,15.0,85.0
0.075,0.425,0.5,1613673347,15.0,85.0
0.06,0.34,0.4,1613673798,15.0,85.0
0.1875,1.0625,1.25,1613678573,15.0,85.0
0.045,0.255,0.3,1613686932,15.0,85.0
0.0225,0.1275,0.15,1613687181,15.0,85.0
0.0225,0.1275,0.15,1613687461,15.0,85.0
0.15,0.85,1.0,1613819376,15.0,85.0
0.1625,1.1375,1.3,1616040093,12.5,87.5
0.15,0.85,1.0,1613726006,15.0,85.0
0.15,0.85,1.0,1613726006,15.0,85.0
0.15,0.85,1.0,1613726006,15.0,85.0
0.15,0.85,1.0,1613749366,15.0,85.0
0.0375,0.2125,0.25,1613729836,15.0,85.0
0.045,0.255,0.3,1614382802,15.0,85.0
0.05025,0.28475,0.335,1613915017,15.0,85.0
0.135,0.765,0.9,1614113715,15.0,85.0
0.09375,0.65625,0.75,1613739412,12.5,87.5
0.432,2.448,2.88,1614028225,15.0,85.0
0.45,2.55,3.0,1613761861,15.0,85.0
0.099,0.561,0.66,1614192084,15.0,85.0
0.075,0.425,0.5,1613893162,15.0,85.0
0.15,0.85,1.0,1613965343,15.0,85.0
0.15,0.85,1.0,1613883152,15.0,85.0
0.12,0.68,0.8,1614030889,15.0,85.0
0.075,0.425,0.5,1613843412,15.0,85.0
0.02265,0.12835,0.151,1613869620,15.0,85.0
0.1125,0.6375,0.75,1614235900,15.0,85.0
0.0225,0.1275,0.15,1613843744,15.0,85.0
0.0625,0.4375,0.5,1614792890,12.5,87.5
0.1665,0.9435,1.11,1613826521,15.0,85.0
0.0375,0.2125,0.25,1614442872,15.0,85.0
1.95,11.05,13.0,1613839646,15.0,85.0
0.18,1.02,1.2,1614019071,15.0,85.0
0.075,0.425,0.5,1613841603,15.0,85.0
0.045,0.255,0.3,1614106226,15.0,85.0
0.075,0.425,0.5,1613852224,15.0,85.0
0.075,0.425,0.5,1613852766,15.0,85.0
0.075,0.425,0.5,1613853209,15.0,85.0
0.075,0.425,0.5,1613853566,15.0,85.0
0.15,0.85,1.0,1614136811,15.0,85.0
0.06,0.34,0.4,1614448721,15.0,85.0
0.15,0.85,1.0,1613900896,15.0,85.0
0.15,0.85,1.0,1613900877,15.0,85.0
0.075,0.425,0.5,1613859162,15.0,85.0
0.15,0.85,1.0,1613937693,15.0,85.0
0.15,0.85,1.0,1613900877,15.0,85.0
0.0675,0.3825,0.45,1613874856,15.0,85.0
0.075,0.425,0.5,1613893833,15.0,85.0
0.0375,0.2125,0.25,1614288274,15.0,85.0
0.06,0.34,0.4,1613878840,15.0,85.0
0.045,0.255,0.3,1614351397,15.0,85.0
0.06,0.34,0.4,1613880194,15.0,85.0
0.075,0.425,0.5,1614764206,15.0,85.0
0.06,0.34,0.4,1613883787,15.0,85.0
0.315,1.785,2.1,1616329924,15.0,85.0
0.1125,0.6375,0.75,1615191804,15.0,85.0
0.09,0.51,0.6,1614009266,15.0,85.0
0.0825,0.4675,0.55,1614232793,15.0,85.0
0.033,0.187,0.22,1613899458,15.0,85.0
0.0375,0.2125,0.25,1613982278,15.0,85.0
0.03,0.17,0.2,1613902098,15.0,85.0
0.15,0.85,1.0,1614196825,15.0,85.0
0.027,0.153,0.18,1614508311,15.0,85.0
0.333,1.887,2.22,1613912321,15.0,85.0
0.0825,0.4675,0.55,1613933120,15.0,85.0
0.039855,0.225845,0.2657,1614308516,15.0,85.0
0.165,0.935,1.1,1613986360,15.0,85.0
0.09,0.51,0.6,1613986460,15.0,85.0
0.0375,0.2125,0.25,1613923534,15.0,85.0
0.0135,0.0765,0.09,1613925926,15.0,85.0
0.06,0.34,0.4,1613934304,15.0,85.0
0.072,0.408,0.48,1613934552,15.0,85.0
0.075,0.425,0.5,1613935868,15.0,85.0
0.06,0.34,0.4,1613937693,15.0,85.0
0.06,0.34,0.4,1614007777,15.0,85.0
0.0825,0.4675,0.55,1613943664,15.0,85.0
0.09,0.51,0.6,1615968338,15.0,85.0
0.3,1.7,2.0,1614451998,15.0,85.0
0.486,3.402,3.888,1614199673,12.5,87.5
0.075,0.425,0.5,1613975005,15.0,85.0
0.45,2.55,3.0,1613948220,15.0,85.0
0.25,1.75,2.0,1616539421,12.5,87.5
0.075,0.425,0.5,1614264121,15.0,85.0
0.45,2.55,3.0,1614248966,15.0,85.0
0.0857025,0.4856475,0.57135,1614314025,15.0,85.0
0.045,0.255,0.3,1614121515,15.0,85.0
0.09,0.51,0.6,1613983309,15.0,85.0
0.04725,0.26775,0.315,1614516897,15.0,85.0
0.105,0.595,0.7,1613995508,15.0,85.0
0.06,0.34,0.4,1614007721,15.0,85.0
0.08055,0.45645,0.537,1614059476,15.0,85.0
0.0765,0.4335,0.51,1614055708,15.0,85.0
0.375,2.125,2.5,1613997102,15.0,85.0
0.0165,0.0935,0.11,1614023141,15.0,85.0
0.375,2.125,2.5,1614001585,15.0,85.0
0.375,2.125,2.5,1614002332,15.0,85.0
0.15,0.85,1.0,1614009491,15.0,85.0
0.1875,1.0625,1.25,1614017761,15.0,85.0
0.6,3.4,4.0,1614159100,15.0,85.0
0.27,1.53,1.8,1614021810,15.0,85.0
0.075,0.425,0.5,1614029422,15.0,85.0
0.0375,0.2125,0.25,1614028710,15.0,85.0
0.33,1.87,2.2,1614029204,15.0,85.0
0.225,1.275,1.5,1614118053,15.0,85.0
0.1875,1.0625,1.25,1614029577,15.0,85.0
0.03,0.17,0.2,1614030155,15.0,85.0
0.0375,0.2125,0.25,1614030248,15.0,85.0
0.075,0.425,0.5,1614031758,15.0,85.0
0.0375,0.2125,0.25,1614032208,15.0,85.0
0.0375,0.2125,0.25,1614032289,15.0,85.0
0.0375,0.2125,0.25,1614032766,15.0,85.0
0.0525,0.2975,0.35,1614034421,15.0,85.0
0.1725,0.9775,1.15,1614034414,15.0,85.0
0.09,0.51,0.6,1614187571,15.0,85.0
0.0525,0.2975,0.35,1614711292,15.0,85.0
0.15,0.85,1.0,1614082478,15.0,85.0
0.45,2.55,3.0,1614086787,15.0,85.0
0.09,0.51,0.6,1614057138,15.0,85.0
0.15,0.85,1.0,1614082481,15.0,85.0
0.195,1.105,1.3,1614113291,15.0,85.0
0.45,2.55,3.0,1614093513,15.0,85.0
0.15,0.85,1.0,1614597606,15.0,85.0
0.135,0.765,0.9,1614709694,15.0,85.0
0.045,0.255,0.3,1614116406,15.0,85.0
0.0375,0.2125,0.25,1614116406,15.0,85.0
0.0675,0.3825,0.45,1614159714,15.0,85.0
1.5,8.5,10.0,1614809861,15.0,85.0
0.045,0.255,0.3,1614119684,15.0,85.0
0.045,0.255,0.3,1614120268,15.0,85.0
0.3,1.7,2.0,1614120365,15.0,85.0
0.075,0.425,0.5,1614124765,15.0,85.0
0.0525,0.2975,0.35,1614126569,15.0,85.0
0.01875,0.10625,0.125,1614133715,15.0,85.0
0.1749875,1.2249125,1.3999,1614134384,12.5,87.5
0.03,0.17,0.2,1614137922,15.0,85.0
0.15,0.85,1.0,1614178633,15.0,85.0
1.332,7.548,8.88,1614141454,15.0,85.0
0.15,0.85,1.0,1614142285,15.0,85.0
0.05325,0.30175,0.355,1614157708,15.0,85.0
0.075,0.425,0.5,1614159100,15.0,85.0
0.0375,0.2125,0.25,1614169402,15.0,85.0
0.0225,0.1275,0.15,1614178706,15.0,85.0
0.225,1.275,1.5,1614192069,15.0,85.0
0.15,0.85,1.0,1614291733,15.0,85.0
0.75,4.25,5.0,1614184297,15.0,85.0
0.225,1.275,1.5,1614186807,15.0,85.0
0.0225,0.1275,0.15,1614192020,15.0,85.0
0.0525,0.2975,0.35,1614487368,15.0,85.0
0.07332,0.41548,0.4888,1614195288,15.0,85.0
0.04037025,0.22876475,0.269135,1614689054,15.0,85.0
0.0945,0.5355,0.63,1614235374,15.0,85.0
0.08832,0.50048,0.5888,1614197416,15.0,85.0
0.05832,0.33048,0.3888,1614205806,15.0,85.0
0.08832,0.50048,0.5888,1614198175,15.0,85.0
0.057,0.323,0.38,1614588363,15.0,85.0
0.225,1.275,1.5,1614203657,15.0,85.0
0.0625,0.4375,0.5,1615933347,12.5,87.5
0.09585,0.54315,0.639,1614209945,15.0,85.0
0.0855,0.4845,0.57,1614210341,15.0,85.0
0.45,2.55,3.0,1614299209,15.0,85.0
0.12,0.68,0.8,1614282157,15.0,85.0
0.15,0.85,1.0,1614209295,15.0,85.0
1.5,8.5,10.0,1614221745,15.0,85.0
2.8332,16.0548,18.888,1614270995,15.0,85.0
0.129,0.731,0.86,1614279605,15.0,85.0
2.2332,12.6548,14.888,1614270995,15.0,85.0
0.3,1.7,2.0,1614304007,15.0,85.0
0.0525,0.2975,0.35,1614243240,15.0,85.0
0.18,1.02,1.2,1614604728,15.0,85.0
0.3,1.7,2.0,1614225685,15.0,85.0
0.6,3.4,4.0,1614229103,15.0,85.0
0.045,0.255,0.3,1614595106,15.0,85.0
0.045,0.255,0.3,1614241641,15.0,85.0
0.0375,0.2125,0.25,1614228431,15.0,85.0
0.0375,0.2125,0.25,1614228431,15.0,85.0
0.04332,0.24548,0.2888,1614236073,15.0,85.0
0.04332,0.24548,0.2888,1614236073,15.0,85.0
0.0375,0.2125,0.25,1614251215,15.0,85.0
0.2832,1.6048,1.888,1614231208,15.0,85.0
0.075,0.425,0.5,1614238952,15.0,85.0
0.075,0.425,0.5,1614238952,15.0,85.0
0.075,0.425,0.5,1614238906,15.0,85.0
0.075,0.425,0.5,1614238897,15.0,85.0
0.075,0.425,0.5,1614238889,15.0,85.0
0.075,0.425,0.5,1614238889,15.0,85.0
0.08325,0.47175,0.555,1614243970,15.0,85.0
0.6,3.4,4.0,1614250027,15.0,85.0
0.075,0.425,0.5,1614256299,15.0,85.0
0.45,2.55,3.0,1614855695,15.0,85.0
0.02325,0.13175,0.155,1614271551,15.0,85.0
0.375,2.125,2.5,1614267743,15.0,85.0
0.0825,0.4675,0.55,1614269945,15.0,85.0
0.0225,0.1275,0.15,1614289225,15.0,85.0
0.0225,0.1275,0.15,1614289225,15.0,85.0
0.3,1.7,2.0,1614341271,15.0,85.0
0.45,2.55,3.0,1614273740,15.0,85.0
0.2985,1.6915,1.99,1614362470,15.0,85.0
0.12,0.68,0.8,1614274879,15.0,85.0
0.135,0.765,0.9,1614444453,15.0,85.0
0.25,1.75,2.0,1616003474,12.5,87.5
6.1332,34.7548,40.888,1614283583,15.0,85.0
0.075,0.425,0.5,1614938973,15.0,85.0
0.0375,0.2125,0.25,1614442380,15.0,85.0
0.063,0.357,0.42,1614286525,15.0,85.0
0.033,0.187,0.22,1614286736,15.0,85.0
0.075,0.425,0.5,1614289098,15.0,85.0
0.02925,0.16575,0.195,1614290182,15.0,85.0
0.09,0.51,0.6,1614449816,15.0,85.0
0.09,0.51,0.6,1614294385,15.0,85.0
0.0225,0.1275,0.15,1614295285,15.0,85.0
0.24,1.36,1.6,1614296123,15.0,85.0
0.15,0.85,1.0,1614328729,15.0,85.0
0.15,0.85,1.0,1614328722,15.0,85.0
0.3,1.7,2.0,1614305439,15.0,85.0
0.225,1.275,1.5,1614668629,15.0,85.0
0.15,0.85,1.0,1614316704,15.0,85.0
0.16332,0.92548,1.0888,1614328666,15.0,85.0
0.5832,3.3048,3.888,1614598481,15.0,85.0
0.1875,1.3125,1.5,1615736808,12.5,87.5
0.0375,0.2125,0.25,1614333767,15.0,85.0
0.0375,0.2125,0.25,1614333767,15.0,85.0
0.0375,0.2125,0.25,1614333767,15.0,85.0
0.09,0.51,0.6,1614336624,15.0,85.0
0.08325,0.47175,0.555,1614371317,15.0,85.0
0.15,0.85,1.0,1614340659,15.0,85.0
0.0375,0.2125,0.25,1614346581,15.0,85.0
1.5,8.5,10.0,1615009129,15.0,85.0
0.375,2.625,3.0,1615724691,12.5,87.5
0.3,1.7,2.0,1614354944,15.0,85.0
0.09,0.51,0.6,1614415740,15.0,85.0
0.1332,0.7548,0.888,1614412591,15.0,85.0
1.95,11.05,13.0,1616250176,15.0,85.0
0.0525,0.2975,0.35,1614511482,15.0,85.0
0.12,0.68,0.8,1614367281,15.0,85.0
0.1375,0.9625,1.1,1614367265,12.5,87.5
0.3255,1.8445,2.17,1614461043,15.0,85.0
0.125,0.875,1.0,1615726318,12.5,87.5
0.075,0.425,0.5,1614373118,15.0,85.0
0.105,0.595,0.7,1614608566,15.0,85.0
0.015,0.085,0.1,1614678703,15.0,85.0
0.045,0.255,0.3,1614534623,15.0,85.0
0.0375,0.2125,0.25,1614599765,15.0,85.0
0.0375,0.2125,0.25,1614391016,15.0,85.0
0.063,0.357,0.42,1614391419,15.0,85.0
0.0165,0.0935,0.11,1614400483,15.0,85.0
0.015,0.085,0.1,1614400483,15.0,85.0
0.0225,0.1275,0.15,1614415445,15.0,85.0
0.03,0.17,0.2,1614398274,15.0,85.0
0.06,0.34,0.4,1614546407,15.0,85.0
0.15,0.85,1.0,1614552993,15.0,85.0
0.375,2.625,3.0,1617176050,12.5,87.5
0.069,0.391,0.46,1614667960,15.0,85.0
0.07,0.01,0.08,1614417301,87.5,12.5
0.105,0.595,0.7,1614437173,15.0,85.0
0.015,0.085,0.1,1614445553,15.0,85.0
0.01125,0.06375,0.075,1614421590,15.0,85.0
0.01125,0.06375,0.075,1614421642,15.0,85.0
0.0075,0.0525,0.06,1614424319,12.5,87.5
0.3,1.7,2.0,1614425814,15.0,85.0
0.3,1.7,2.0,1614425843,15.0,85.0
0.3,1.7,2.0,1614425843,15.0,85.0
0.06,0.34,0.4,1614430372,15.0,85.0
0.45,2.55,3.0,1614657141,15.0,85.0
0.06,0.34,0.4,1617658261,15.0,85.0
0.5625,3.1875,3.75,1614641191,15.0,85.0
0.21875,1.53125,1.75,1615762908,12.5,87.5
0.10725,0.60775,0.715,1614775645,15.0,85.0
0.15,0.85,1.0,1614548022,15.0,85.0
0.1125,0.6375,0.75,1616243600,15.0,85.0
0.105,0.595,0.7,1614548032,15.0,85.0
0.09,0.51,0.6,1614453159,15.0,85.0
0.0675,0.3825,0.45,1614455707,15.0,85.0
0.075,0.425,0.5,1614456885,15.0,85.0
0.0645,0.3655,0.43,1614461350,15.0,85.0
0.0375,0.2125,0.25,1614463062,15.0,85.0
0.15,0.85,1.0,1614464205,15.0,85.0
0.15,0.85,1.0,1614524836,15.0,85.0
0.039,0.221,0.26,1614465113,15.0,85.0
0.075,0.425,0.5,1614472943,15.0,85.0
0.09,0.51,0.6,1614469460,15.0,85.0
0.015,0.085,0.1,1614468789,15.0,85.0
0.075,0.425,0.5,1614469681,15.0,85.0
0.024,0.136,0.16,1614618421,15.0,85.0
0.45,2.55,3.0,1616447806,15.0,85.0
0.0825,0.4675,0.55,1614496027,15.0,85.0
0.0525,0.2975,0.35,1614473925,15.0,85.0
0.039,0.221,0.26,1614474640,15.0,85.0
0.45,2.55,3.0,1615850897,15.0,85.0
0.5625,3.1875,3.75,1614641396,15.0,85.0
0.09,0.51,0.6,1614477588,15.0,85.0
1.5,8.5,10.0,1614613259,15.0,85.0
0.015,0.085,0.1,1614478346,15.0,85.0
0.15,0.85,1.0,1614479360,15.0,85.0
0.039,0.221,0.26,1614480365,15.0,85.0
2.55,14.45,17.0,1614540354,15.0,85.0
0.21,1.19,1.4,1614586416,15.0,85.0
0.03075,0.17425,0.205,1614493066,15.0,85.0
0.075,0.425,0.5,1614499968,15.0,85.0
0.225,1.275,1.5,1614542095,15.0,85.0
0.15,0.85,1.0,1614505391,15.0,85.0
0.225,1.275,1.5,1614752868,15.0,85.0
0.045,0.255,0.3,1614511482,15.0,85.0
0.045,0.255,0.3,1614511482,15.0,85.0
0.045,0.255,0.3,1614511482,15.0,85.0
0.0645,0.3655,0.43,1614509822,15.0,85.0
0.06825,0.38675,0.455,1614510558,15.0,85.0
0.025,0.175,0.2,1614550727,12.5,87.5
0.0405,0.2295,0.27,1614515545,15.0,85.0
0.0999,0.5661,0.666,1616075440,15.0,85.0
0.12,0.68,0.8,1614608566,15.0,85.0
0.045,0.255,0.3,1614594178,15.0,85.0
0.0225,0.1275,0.15,1614646753,15.0,85.0
0.0975,0.5525,0.65,1614593351,15.0,85.0
0.0825,0.4675,0.55,1614536923,15.0,85.0
0.0375,0.2625,0.3,1614537604,12.5,87.5
0.03,0.17,0.2,1614858661,15.0,85.0
0.45,2.55,3.0,1614540951,15.0,85.0
0.03345,0.18955,0.223,1614541055,15.0,85.0
0.03345,0.18955,0.223,1614543260,15.0,85.0
0.0165,0.0935,0.11,1614696025,15.0,85.0
0.3,1.7,2.0,1614552060,15.0,85.0
0.03345,0.18955,0.223,1614551913,15.0,85.0
0.105,0.595,0.7,1614576875,15.0,85.0
0.075,0.425,0.5,1614559204,15.0,85.0
0.0375,0.2125,0.25,1614719794,15.0,85.0
0.0462,0.2618,0.308,1614608283,15.0,85.0
0.045,0.255,0.3,1614578566,15.0,85.0
0.057,0.323,0.38,1614588363,15.0,85.0
0.0495,0.2805,0.33,1614588962,15.0,85.0
0.075,0.425,0.5,1614589167,15.0,85.0
0.075,0.425,0.5,1614593154,15.0,85.0
0.0915,0.5185,0.61,1614680031,15.0,85.0
0.075,0.425,0.5,1614622389,15.0,85.0
0.075,0.425,0.5,1614622385,15.0,85.0
0.0675,0.3825,0.45,1614599801,15.0,85.0
0.0675,0.3825,0.45,1614604029,15.0,85.0
0.045,0.255,0.3,1614607347,15.0,85.0
0.075,0.425,0.5,1614741904,15.0,85.0
0.1707,0.9673,1.138,1615272360,15.0,85.0
0.5625,3.1875,3.75,1614641505,15.0,85.0
0.15,0.85,1.0,1616730320,15.0,85.0
0.105,0.595,0.7,1614623521,15.0,85.0
0.375,2.125,2.5,1614840046,15.0,85.0
0.075,0.425,0.5,1614628155,15.0,85.0
0.3,1.7,2.0,1614672788,15.0,85.0
0.105,0.595,0.7,1614760604,15.0,85.0
0.0525,0.2975,0.35,1614711292,15.0,85.0
0.3,1.7,2.0,1614624996,15.0,85.0
0.105,0.595,0.7,1614626315,15.0,85.0
0.0375,0.2625,0.3,1616255020,12.5,87.5
0.0684,0.3876,0.456,1614627539,15.0,85.0
0.15,0.85,1.0,1614637108,15.0,85.0
0.039,0.221,0.26,1614630922,15.0,85.0
0.039,0.221,0.26,1614631186,15.0,85.0
0.039,0.221,0.26,1614631257,15.0,85.0
0.039,0.221,0.26,1614631330,15.0,85.0
0.18,1.02,1.2,1614666867,15.0,85.0
0.042,0.238,0.28,1616303432,15.0,85.0
0.0675,0.3825,0.45,1614635786,15.0,85.0
0.039,0.221,0.26,1614632856,15.0,85.0
0.045,0.255,0.3,1614636723,15.0,85.0
0.06,0.34,0.4,1614636530,15.0,85.0
0.0495,0.2805,0.33,1614648339,15.0,85.0
0.5625,3.1875,3.75,1614642644,15.0,85.0
0.075,0.425,0.5,1614646743,15.0,85.0
0.045,0.255,0.3,1614646661,15.0,85.0
0.1665,0.9435,1.11,1614647197,15.0,85.0
0.0375,0.2125,0.25,1614789732,15.0,85.0
0.225,1.275,1.5,1614648092,15.0,85.0
0.0698775,0.3959725,0.46585,1614721244,15.0,85.0
1.332,7.548,8.88,1614651344,15.0,85.0
0.225,1.275,1.5,1614742631,15.0,85.0
0.21,1.19,1.4,1614740898,15.0,85.0
0.2295,1.3005,1.53,1614740943,15.0,85.0
0.12,0.68,0.8,1614658714,15.0,85.0
0.4332,2.4548,2.888,1614659057,15.0,85.0
0.3,1.7,2.0,1614661238,15.0,85.0
0.3,1.7,2.0,1614660682,15.0,85.0
0.3675,2.0825,2.45,1616181939,15.0,85.0
0.075,0.425,0.5,1614744704,15.0,85.0
0.1095,0.6205,0.73,1614720522,15.0,85.0
0.3,1.7,2.0,1614765271,15.0,85.0
3.375,23.625,27.0,1614685887,12.5,87.5
9.125,63.875,73.0,1615246786,12.5,87.5
3.75,26.25,30.0,1614694540,12.5,87.5
7.875,55.125,63.0,1614811628,12.5,87.5
7.5,52.5,60.0,1614704294,12.5,87.5
0.0525,0.2975,0.35,1614688566,15.0,85.0
0.039,0.221,0.26,1614689092,15.0,85.0
0.06,0.34,0.4,1614696642,15.0,85.0
0.0375,0.2125,0.25,1614703183,15.0,85.0
0.0375,0.2125,0.25,1614703183,15.0,85.0
1.5,8.5,10.0,1614699760,15.0,85.0
0.6,3.4,4.0,1614721079,15.0,85.0
0.345,1.955,2.3,1614707962,15.0,85.0
0.315,1.785,2.1,1614707974,15.0,85.0
0.09,0.51,0.6,1614709803,15.0,85.0
0.045,0.255,0.3,1614712209,15.0,85.0
0.1125,0.6375,0.75,1614713316,15.0,85.0
0.1125,0.6375,0.75,1614713459,15.0,85.0
0.0225,0.1275,0.15,1614713459,15.0,85.0
0.0225,0.1275,0.15,1614713459,15.0,85.0
0.225,1.275,1.5,1614718862,15.0,85.0
0.440001,2.493339,2.93334,1614802056,15.0,85.0
0.2832,1.6048,1.888,1615037417,15.0,85.0
0.0375,0.2125,0.25,1614782901,15.0,85.0
0.33,1.87,2.2,1614724794,15.0,85.0
0.3,1.7,2.0,1614989085,15.0,85.0
0.06875,0.48125,0.55,1616854360,12.5,87.5
0.105,0.595,0.7,1615121135,15.0,85.0
0.12,0.68,0.8,1614735612,15.0,85.0
0.04625,0.32375,0.37,1616726204,12.5,87.5
0.45,2.55,3.0,1617691991,15.0,85.0
0.075,0.425,0.5,1614742917,15.0,85.0
0.3,1.7,2.0,1614831050,15.0,85.0
0.75,4.25,5.0,1614812710,15.0,85.0
0.075,0.425,0.5,1614818044,15.0,85.0
0.315,1.785,2.1,1614761305,15.0,85.0
0.045,0.255,0.3,1614747158,15.0,85.0
0.45,2.55,3.0,1614881790,15.0,85.0
0.7332,4.1548,4.888,1614752530,15.0,85.0
0.0675,0.3825,0.45,1614766367,15.0,85.0
0.06,0.34,0.4,1614791256,15.0,85.0
0.015,0.085,0.1,1614767773,15.0,85.0
0.15,0.85,1.0,1614777183,15.0,85.0
0.1125,0.6375,0.75,1616412931,15.0,85.0
0.165,0.935,1.1,1614975949,15.0,85.0
0.15,0.85,1.0,1614793078,15.0,85.0
0.1125,0.6375,0.75,1614934513,15.0,85.0
0.015,0.085,0.1,1614859860,15.0,85.0
0.1275,0.7225,0.85,1614808639,15.0,85.0
12.1332,68.7548,80.888,1614803640,15.0,85.0
0.03,0.17,0.2,1615266314,15.0,85.0
0.225,1.275,1.5,1614807132,15.0,85.0
0.225,1.275,1.5,1614807146,15.0,85.0
0.225,1.275,1.5,1614807366,15.0,85.0
0.225,1.275,1.5,1614808192,15.0,85.0
0.12,0.68,0.8,1615115550,15.0,85.0
0.075,0.425,0.5,1614809819,15.0,85.0
0.0375,0.2125,0.25,1614809985,15.0,85.0
0.15,0.85,1.0,1615056775,15.0,85.0
0.00525,0.02975,0.035,1614815823,15.0,85.0
0.225,1.275,1.5,1614815885,15.0,85.0
0.0495,0.2805,0.33,1614818316,15.0,85.0
0.0525,0.2975,0.35,1614896986,15.0,85.0
0.093,0.527,0.62,1614854754,15.0,85.0
0.4545,2.5755,3.03,1614941393,15.0,85.0
0.195,1.105,1.3,1614840954,15.0,85.0
0.45,2.55,3.0,1614840954,15.0,85.0
0.045,0.255,0.3,1615686183,15.0,85.0
0.0195,0.1105,0.13,1616738036,15.0,85.0
0.09,0.51,0.6,1614849766,15.0,85.0
0.075,0.425,0.5,1614854540,15.0,85.0
0.36,2.04,2.4,1614858209,15.0,85.0
0.075,0.425,0.5,1614860030,15.0,85.0
0.06,0.34,0.4,1616021439,15.0,85.0
0.3015,1.7085,2.01,1614954624,15.0,85.0
0.1125,0.6375,0.75,1617583025,15.0,85.0
0.0825,0.4675,0.55,1614896603,15.0,85.0
0.0675,0.3825,0.45,1614937542,15.0,85.0
0.27,1.53,1.8,1615759790,15.0,85.0
0.072,0.408,0.48,1615069722,15.0,85.0
0.1125,0.6375,0.75,1614934473,15.0,85.0
0.075,0.425,0.5,1614884966,15.0,85.0
0.225,1.275,1.5,1614886582,15.0,85.0
0.075,0.425,0.5,1614886797,15.0,85.0
0.08832,0.50048,0.5888,1614896700,15.0,85.0
0.135,0.765,0.9,1615064170,15.0,85.0
0.015,0.085,0.1,1614888925,15.0,85.0
0.0375,0.2125,0.25,1615723890,15.0,85.0
0.0225,0.1275,0.15,1614897496,15.0,85.0
0.45,2.55,3.0,1614900528,15.0,85.0
0.213063,1.207357,1.42042,1614899834,15.0,85.0
0.15,0.85,1.0,1615668400,15.0,85.0
0.0625,0.4375,0.5,1614901659,12.5,87.5
0.05,0.35,0.4,1614923397,12.5,87.5
0.05,0.35,0.4,1614923397,12.5,87.5
0.0375,0.2125,0.25,1614909638,15.0,85.0
0.045,0.255,0.3,1616197029,15.0,85.0
0.0675,0.3825,0.45,1614934743,15.0,85.0
0.06,0.34,0.4,1614970348,15.0,85.0
0.225,1.275,1.5,1615245377,15.0,85.0
0.075,0.425,0.5,1615282425,15.0,85.0
0.15,0.85,1.0,1615282425,15.0,85.0
0.1125,0.6375,0.75,1615801834,15.0,85.0
0.1515,0.8585,1.01,1616143782,15.0,85.0
0.0225,0.1275,0.15,1614937510,15.0,85.0
0.057,0.323,0.38,1614950450,15.0,85.0
0.0375,0.2125,0.25,1614989286,15.0,85.0
0.04375,0.30625,0.35,1614960855,12.5,87.5
0.075,0.425,0.5,1615028477,15.0,85.0
0.0525,0.2975,0.35,1614980730,15.0,85.0
0.0405,0.2295,0.27,1614974519,15.0,85.0
0.072,0.408,0.48,1615205774,15.0,85.0
0.36,2.04,2.4,1615037731,15.0,85.0
0.045,0.255,0.3,1614969396,15.0,85.0
0.02832,0.16048,0.1888,1614969802,15.0,85.0
0.015,0.085,0.1,1614983821,15.0,85.0
0.0675,0.3825,0.45,1614978220,15.0,85.0
0.057,0.323,0.38,1614982944,15.0,85.0
0.05775,0.32725,0.385,1614998062,15.0,85.0
0.05775,0.32725,0.385,1614995326,15.0,85.0
0.0675,0.3825,0.45,1615012783,15.0,85.0
0.11655,0.66045,0.777,1614989358,15.0,85.0
0.0225,0.1275,0.15,1614989926,15.0,85.0
0.06,0.34,0.4,1615012765,15.0,85.0
0.0375,0.2125,0.25,1615010777,15.0,85.0
0.0675,0.3825,0.45,1615016150,15.0,85.0
0.0135,0.0765,0.09,1615059934,15.0,85.0
0.04125,0.23375,0.275,1615522793,15.0,85.0
0.1375,0.9625,1.1,1615029242,12.5,87.5
0.15,0.85,1.0,1615470134,15.0,85.0
0.039,0.221,0.26,1615031654,15.0,85.0
0.0375,0.2125,0.25,1615030897,15.0,85.0
0.075,0.425,0.5,1615199083,15.0,85.0
0.12,0.68,0.8,1615047066,15.0,85.0
0.15,0.85,1.0,1615058662,15.0,85.0
0.05375,0.37625,0.43,1615044733,12.5,87.5
0.045,0.255,0.3,1615137754,15.0,85.0
0.525,3.675,4.2,1615052285,12.5,87.5
0.9825,5.5675,6.55,1615053178,15.0,85.0
0.033,0.187,0.22,1615055308,15.0,85.0
0.033,0.187,0.22,1615055308,15.0,85.0
0.15,0.85,1.0,1615054844,15.0,85.0
0.0195,0.1105,0.13,1615059934,15.0,85.0
0.0105,0.0595,0.07,1615062377,15.0,85.0
0.05595,0.31705,0.373,1615674314,15.0,85.0
0.087,0.493,0.58,1615655822,15.0,85.0
0.12,0.68,0.8,1615103578,15.0,85.0
0.125,0.875,1.0,1615290608,12.5,87.5
0.093,0.527,0.62,1615063826,15.0,85.0
0.3375,1.9125,2.25,1615468931,15.0,85.0
0.078,0.442,0.52,1615105977,15.0,85.0
0.05775,0.32725,0.385,1615875489,15.0,85.0
0.0675,0.3825,0.45,1615072673,15.0,85.0
0.0945,0.5355,0.63,1615072673,15.0,85.0
0.05,0.35,0.4,1615437812,12.5,87.5
0.15,0.85,1.0,1615317733,15.0,85.0
0.03,0.17,0.2,1615075195,15.0,85.0
0.03,0.17,0.2,1615075195,15.0,85.0
0.03,0.17,0.2,1615075195,15.0,85.0
0.057,0.323,0.38,1615074406,15.0,85.0
0.5,3.5,4.0,1615109620,12.5,87.5
0.045,0.255,0.3,1615109276,15.0,85.0
0.0375,0.2125,0.25,1615078901,15.0,85.0
0.1875,1.0625,1.25,1615080392,15.0,85.0
0.0675,0.3825,0.45,1615085892,15.0,85.0
0.0675,0.3825,0.45,1615103578,15.0,85.0
0.0125,0.0875,0.1,1615083186,12.5,87.5
0.02025,0.11475,0.135,1615087190,15.0,85.0
0.0345,0.1955,0.23,1615089575,15.0,85.0
0.03,0.17,0.2,1615124961,15.0,85.0
0.03,0.17,0.2,1617770384,15.0,85.0
0.02175,0.12325,0.145,1617425540,15.0,85.0
0.3,1.7,2.0,1615213978,15.0,85.0
0.075,0.425,0.5,1616441504,15.0,85.0
0.03,0.17,0.2,1615831673,15.0,85.0
0.015,0.085,0.1,1615119630,15.0,85.0
0.15,0.85,1.0,1615134731,15.0,85.0
0.07125,0.40375,0.475,1615135080,15.0,85.0
0.0975,0.5525,0.65,1615226783,15.0,85.0
0.075,0.425,0.5,1617349360,15.0,85.0
0.057,0.323,0.38,1615130372,15.0,85.0
0.0465,0.2635,0.31,1615144162,15.0,85.0
0.0525,0.2975,0.35,1615136792,15.0,85.0
0.045,0.255,0.3,1615137358,15.0,85.0
0.0675,0.3825,0.45,1615138961,15.0,85.0
1.53,8.67,10.2,1615834520,15.0,85.0
0.0345,0.1955,0.23,1615155526,15.0,85.0
0.027,0.153,0.18,1615155538,15.0,85.0
0.1875,1.0625,1.25,1615160216,15.0,85.0
0.045,0.255,0.3,1615178157,15.0,85.0
0.24255,1.37445,1.617,1615238076,15.0,85.0
0.5832,3.3048,3.888,1615159367,15.0,85.0
0.0440805,0.2497895,0.29387,1615163364,15.0,85.0
0.1485,0.8415,0.99,1615213321,15.0,85.0
0.2985,1.6915,1.99,1615168972,15.0,85.0
0.06,0.34,0.4,1615233877,15.0,85.0
0.075,0.425,0.5,1615195837,15.0,85.0
0.59895,3.39405,3.993,1615270673,15.0,85.0
0.12375,0.70125,0.825,1615299626,15.0,85.0
0.0255,0.1445,0.17,1615641684,15.0,85.0
0.09,0.51,0.6,1615238503,15.0,85.0
0.075,0.425,0.5,1615323325,15.0,85.0
0.165,0.935,1.1,1615229145,15.0,85.0
0.3,1.7,2.0,1615212966,15.0,85.0
0.050985,0.288915,0.3399,1615222260,15.0,85.0
0.0375,0.2125,0.25,1615222260,15.0,85.0
0.108,0.612,0.72,1615268974,15.0,85.0
0.15,0.85,1.0,1615218457,15.0,85.0
0.3,1.7,2.0,1615220838,15.0,85.0
0.0375,0.2125,0.25,1615230130,15.0,85.0
0.21,1.19,1.4,1615352680,15.0,85.0
0.195,1.105,1.3,1615229629,15.0,85.0
0.0345,0.1955,0.23,1615230658,15.0,85.0
0.0345,0.1955,0.23,1615230625,15.0,85.0
0.66,3.74,4.4,1615316495,15.0,85.0
0.075,0.425,0.5,1615232489,15.0,85.0
0.0375,0.2125,0.25,1615233478,15.0,85.0
0.125,0.875,1.0,1615238965,12.5,87.5
0.0825,0.4675,0.55,1615321472,15.0,85.0
0.0675,0.3825,0.45,1615243234,15.0,85.0
0.15,0.85,1.0,1615241431,15.0,85.0
0.1125,0.6375,0.75,1615242439,15.0,85.0
0.06,0.34,0.4,1615242854,15.0,85.0
0.015,0.085,0.1,1615244665,15.0,85.0
0.225,1.275,1.5,1615244280,15.0,85.0
0.0225,0.1275,0.15,1615251994,15.0,85.0
0.2325,1.3175,1.55,1615252290,15.0,85.0
0.255,1.445,1.7,1615252282,15.0,85.0
0.0375,0.2125,0.25,1615248787,15.0,85.0
0.1125,0.6375,0.75,1615252295,15.0,85.0
0.033,0.187,0.22,1615260409,15.0,85.0
0.2125,1.4875,1.7,1615253200,12.5,87.5
0.225,1.275,1.5,1615254444,15.0,85.0
0.225,1.275,1.5,1615255050,15.0,85.0
0.225,1.275,1.5,1615256286,15.0,85.0
0.3375,1.9125,2.25,1615262756,15.0,85.0
0.045,0.255,0.3,1615270426,15.0,85.0
0.0315,0.1785,0.21,1615270482,15.0,85.0
0.112515,0.637585,0.7501,1615324097,15.0,85.0
0.0825,0.4675,0.55,1615266385,15.0,85.0
0.0825,0.4675,0.55,1615266568,15.0,85.0
0.03,0.17,0.2,1615288442,15.0,85.0
0.225,1.275,1.5,1615274025,15.0,85.0
0.042,0.238,0.28,1615274914,15.0,85.0
0.105,0.595,0.7,1615396809,15.0,85.0
0.075,0.425,0.5,1615894627,15.0,85.0
0.045,0.255,0.3,1615290126,15.0,85.0
0.03,0.17,0.2,1615280742,15.0,85.0
0.015,0.085,0.1,1615288438,15.0,85.0
0.0225,0.1275,0.15,1615318660,15.0,85.0
0.0375,0.2125,0.25,1615294575,15.0,85.0
0.35832,2.03048,2.3888,1615532718,15.0,85.0
0.0375,0.2125,0.25,1615307364,15.0,85.0
0.09,0.51,0.6,1615304242,15.0,85.0
0.07425,0.42075,0.495,1615308750,15.0,85.0
0.0375,0.2125,0.25,1615317833,15.0,85.0
0.05325,0.30175,0.355,1615312887,15.0,85.0
0.53125,3.71875,4.25,1615313649,12.5,87.5
0.5625,3.9375,4.5,1615313706,12.5,87.5
0.075,0.425,0.5,1615354268,15.0,85.0
0.15,0.85,1.0,1615440853,15.0,85.0
0.225,1.275,1.5,1615324839,15.0,85.0
0.19461,1.10279,1.2974,1615409792,15.0,85.0
0.09075,0.51425,0.605,1615369500,15.0,85.0
0.0525,0.2975,0.35,1615328468,15.0,85.0
0.06,0.34,0.4,1615328971,15.0,85.0
0.15,0.85,1.0,1615656835,15.0,85.0
0.09,0.51,0.6,1615329753,15.0,85.0
0.225,1.275,1.5,1615330086,15.0,85.0
0.255,1.445,1.7,1615358539,15.0,85.0
0.021,0.119,0.14,1615377265,15.0,85.0
0.225,1.275,1.5,1616441507,15.0,85.0
0.045,0.255,0.3,1615333978,15.0,85.0
0.81,4.59,5.4,1615337434,15.0,85.0
0.06,0.34,0.4,1615341760,15.0,85.0
0.045,0.255,0.3,1615343526,15.0,85.0
0.045,0.255,0.3,1615344021,15.0,85.0
0.045,0.255,0.3,1615345284,15.0,85.0
0.045,0.255,0.3,1615350175,15.0,85.0
0.01248,0.07072,0.0832,1615368195,15.0,85.0
0.0851835,0.4827065,0.56789,1615527293,15.0,85.0
0.039,0.221,0.26,1615363468,15.0,85.0
0.08832,0.50048,0.5888,1615492355,15.0,85.0
0.165,0.935,1.1,1615370565,15.0,85.0
0.165,0.935,1.1,1615370578,15.0,85.0
0.09,0.51,0.6,1615387291,15.0,85.0
0.1275,0.7225,0.85,1615575044,15.0,85.0
0.12,0.68,0.8,1615725475,15.0,85.0
0.03,0.17,0.2,1616197302,15.0,85.0
0.6,3.4,4.0,1615464313,15.0,85.0
0.06,0.34,0.4,1615382483,15.0,85.0
0.09,0.51,0.6,1615405325,15.0,85.0
0.0525,0.2975,0.35,1615406304,15.0,85.0
0.02625,0.14875,0.175,1615427050,15.0,85.0
0.075,0.425,0.5,1615410080,15.0,85.0
0.0825,0.4675,0.55,1615410080,15.0,85.0
0.0825,0.4675,0.55,1615410091,15.0,85.0
0.345,1.955,2.3,1615753677,15.0,85.0
0.225,1.275,1.5,1615737734,15.0,85.0
0.165,0.935,1.1,1615410200,15.0,85.0
0.0825,0.4675,0.55,1615412000,15.0,85.0
0.1815,1.0285,1.21,1615574529,15.0,85.0
0.075,0.425,0.5,1615424021,15.0,85.0
0.02625,0.14875,0.175,1615427917,15.0,85.0
0.045,0.255,0.3,1615511307,15.0,85.0
0.165,0.935,1.1,1615429379,15.0,85.0
0.3,1.7,2.0,1615462174,15.0,85.0
0.075,0.425,0.5,1615727588,15.0,85.0
0.18,1.02,1.2,1615498147,15.0,85.0
0.0625,0.4375,0.5,1615443330,12.5,87.5
0.136125,0.771375,0.9075,1615671230,15.0,85.0
0.3,1.7,2.0,1615546674,15.0,85.0
0.15,0.85,1.0,1615452577,15.0,85.0
0.03,0.17,0.2,1615591756,15.0,85.0
0.3,1.7,2.0,1615481878,15.0,85.0
0.165,0.935,1.1,1615481969,15.0,85.0
0.3,1.7,2.0,1615546635,15.0,85.0
0.6,3.4,4.0,1615465767,15.0,85.0
0.01875,0.13125,0.15,1615471573,12.5,87.5
0.045,0.255,0.3,1615492355,15.0,85.0
0.0375,0.2125,0.25,1615475329,15.0,85.0
0.6,3.4,4.0,1615480392,15.0,85.0
0.165,0.935,1.1,1615481878,15.0,85.0
0.6,3.4,4.0,1615487561,15.0,85.0
0.06,0.34,0.4,1615488721,15.0,85.0
0.075,0.525,0.6,1615488647,12.5,87.5
0.03,0.17,0.2,1615490328,15.0,85.0
0.03,0.17,0.2,1615490328,15.0,85.0
0.0225,0.1275,0.15,1616954448,15.0,85.0
0.33,1.87,2.2,1615754842,15.0,85.0
0.165,0.935,1.1,1615496954,15.0,85.0
0.075,0.425,0.5,1615541157,15.0,85.0
0.15,0.85,1.0,1615505582,15.0,85.0
0.15,0.85,1.0,1615505582,15.0,85.0
0.3675,2.0825,2.45,1615754855,15.0,85.0
0.0264,0.1496,0.176,1617170639,15.0,85.0
0.225,1.275,1.5,1615508003,15.0,85.0
0.3132,1.7748,2.088,1615512977,15.0,85.0
0.15,0.85,1.0,1615866066,15.0,85.0
0.0525,0.2975,0.35,1615530383,15.0,85.0
0.12,0.68,0.8,1615589918,15.0,85.0
0.28875,1.63625,1.925,1615673361,15.0,85.0
3.0,17.0,20.0,1615595838,15.0,85.0
0.45,2.55,3.0,1615541157,15.0,85.0
0.015,0.085,0.1,1615574904,15.0,85.0
0.0225,0.1275,0.15,1615574904,15.0,85.0
0.3,1.7,2.0,1615566367,15.0,85.0
0.075,0.425,0.5,1615543432,15.0,85.0
0.069,0.391,0.46,1615544003,15.0,85.0
0.275,1.925,2.2,1615545345,12.5,87.5
0.0675,0.3825,0.45,1615726461,15.0,85.0
0.013035,0.073865,0.0869,1615626491,15.0,85.0
0.315,1.785,2.1,1615566584,15.0,85.0
0.9,5.1,6.0,1615566584,15.0,85.0
0.048,0.272,0.32,1615655822,15.0,85.0
0.105,0.595,0.7,1615584841,15.0,85.0
0.03,0.17,0.2,1615576695,15.0,85.0
0.15,0.85,1.0,1615607162,15.0,85.0
0.1875,1.0625,1.25,1615578120,15.0,85.0
0.0675,0.3825,0.45,1615727538,15.0,85.0
0.165,0.935,1.1,1615577852,15.0,85.0
0.2244,1.2716,1.496,1615804777,15.0,85.0
0.105,0.595,0.7,1615804777,15.0,85.0
0.105,0.595,0.7,1615583380,15.0,85.0
0.165,0.935,1.1,1615582491,15.0,85.0
0.165,0.935,1.1,1615593260,15.0,85.0
0.0225,0.1275,0.15,1615595257,15.0,85.0
0.15,0.85,1.0,1615587908,15.0,85.0
0.525,2.975,3.5,1615671232,15.0,85.0
0.9075,5.1425,6.05,1615650915,15.0,85.0
0.225,1.275,1.5,1615594210,15.0,85.0
0.183,1.037,1.22,1615624957,15.0,85.0
0.6,3.4,4.0,1617952958,15.0,85.0
0.18,1.02,1.2,1615624957,15.0,85.0
0.125,0.875,1.0,1615606773,12.5,87.5
0.0675,0.3825,0.45,1615621936,15.0,85.0
0.09,0.51,0.6,1615624530,15.0,85.0
0.0525,0.2975,0.35,1615624396,15.0,85.0
0.0225,0.1275,0.15,1615648462,15.0,85.0
0.15,0.85,1.0,1615661224,15.0,85.0
0.1095,0.6205,0.73,1615662299,15.0,85.0
0.075,0.425,0.5,1615656865,15.0,85.0
0.045,0.255,0.3,1615675225,15.0,85.0
0.054,0.306,0.36,1615655274,15.0,85.0
0.0375,0.2125,0.25,1615648048,15.0,85.0
0.084,0.476,0.56,1615781641,15.0,85.0
0.15,0.85,1.0,1615662742,15.0,85.0
0.045,0.255,0.3,1615713995,15.0,85.0
0.10625,0.74375,0.85,1615667661,12.5,87.5
0.75,4.25,5.0,1615685204,15.0,85.0
0.075,0.425,0.5,1615671363,15.0,85.0
0.1375,0.9625,1.1,1615671386,12.5,87.5
0.27,1.53,1.8,1615672499,15.0,85.0
0.525,2.975,3.5,1615672499,15.0,85.0
0.15,0.85,1.0,1615730350,15.0,85.0
0.315,1.785,2.1,1615743937,15.0,85.0
0.165,0.935,1.1,1615694877,15.0,85.0
0.3498,1.9822,2.332,1615893217,15.0,85.0
0.09,0.51,0.6,1615745543,15.0,85.0
0.07425,0.42075,0.495,1615914950,15.0,85.0
0.0825,0.4675,0.55,1615700905,15.0,85.0
0.135,0.765,0.9,1615741353,15.0,85.0
0.075,0.425,0.5,1615699530,15.0,85.0
0.045,0.255,0.3,1615693654,15.0,85.0
0.06,0.34,0.4,1615700668,15.0,85.0
0.63,3.57,4.2,1615698603,15.0,85.0
0.0345,0.1955,0.23,1615700083,15.0,85.0
0.225,1.275,1.5,1615706270,15.0,85.0
0.0405,0.2295,0.27,1615727124,15.0,85.0
0.15,0.85,1.0,1615708088,15.0,85.0
0.0625,0.4375,0.5,1615708643,12.5,87.5
0.125,0.875,1.0,1615709974,12.5,87.5
0.054,0.306,0.36,1615720811,15.0,85.0
0.045,0.255,0.3,1616112871,15.0,85.0
0.09375,0.65625,0.75,1615723397,12.5,87.5
0.054,0.306,0.36,1615728449,15.0,85.0
0.27,1.53,1.8,1615794114,15.0,85.0
0.375,2.125,2.5,1615749581,15.0,85.0
0.3,1.7,2.0,1615749581,15.0,85.0
0.185175,1.049325,1.2345,1615825590,15.0,85.0
0.825,4.675,5.5,1615771051,15.0,85.0
0.195,1.105,1.3,1615836393,15.0,85.0
0.3,1.7,2.0,1615771051,15.0,85.0
0.0525,0.2975,0.35,1615770986,15.0,85.0
0.040644,0.230316,0.27096,1615783500,15.0,85.0
0.018,0.102,0.12,1615848736,15.0,85.0
0.225,1.275,1.5,1615781492,15.0,85.0
0.15,0.85,1.0,1615781672,15.0,85.0
0.15,0.85,1.0,1615781679,15.0,85.0
0.075,0.425,0.5,1615783971,15.0,85.0
0.15,0.85,1.0,1615784731,15.0,85.0
0.09,0.51,0.6,1615797140,15.0,85.0
0.375,2.125,2.5,1615837417,15.0,85.0
0.1825,1.2775,1.46,1615815607,12.5,87.5
0.09,0.51,0.6,1615817835,15.0,85.0
0.1625,1.1375,1.3,1616407730,12.5,87.5
0.0825,0.4675,0.55,1616078087,15.0,85.0
0.09,0.51,0.6,1615847576,15.0,85.0
0.0555,0.3145,0.37,1615866725,15.0,85.0
0.03,0.17,0.2,1615859060,15.0,85.0
0.15,0.85,1.0,1615861914,15.0,85.0
0.00525,0.02975,0.035,1615862883,15.0,85.0
0.3,1.7,2.0,1615887703,15.0,85.0
0.0825,0.4675,0.55,1615950933,15.0,85.0
0.045,0.255,0.3,1616650741,15.0,85.0
0.09,0.51,0.6,1615881956,15.0,85.0
0.375,2.625,3.0,1615891683,12.5,87.5
0.375,2.125,2.5,1615982516,15.0,85.0
0.21,1.19,1.4,1617513914,15.0,85.0
0.049875,0.349125,0.399,1615895735,12.5,87.5
0.2565,1.4535,1.71,1616337612,15.0,85.0
0.09,0.51,0.6,1615902730,15.0,85.0
0.045,0.255,0.3,1615956833,15.0,85.0
0.0675,0.3825,0.45,1615914420,15.0,85.0
0.075,0.425,0.5,1615914420,15.0,85.0
0.1125,0.6375,0.75,1616048270,15.0,85.0
0.255,1.445,1.7,1616048194,15.0,85.0
0.15,0.85,1.0,1616337612,15.0,85.0
0.3,1.7,2.0,1615957487,15.0,85.0
0.06,0.34,0.4,1615926616,15.0,85.0
0.0585,0.3315,0.39,1616143437,15.0,85.0
0.45,2.55,3.0,1615921569,15.0,85.0
0.225,1.275,1.5,1615922737,15.0,85.0
73.35,415.65,489.0,1616268847,15.0,85.0
0.225,1.275,1.5,1615923554,15.0,85.0
0.375,2.625,3.0,1615943668,12.5,87.5
0.045,0.255,0.3,1616723105,15.0,85.0
0.1856745,1.0521555,1.23783,1615999295,15.0,85.0
0.625,4.375,5.0,1615929256,12.5,87.5
0.135,0.765,0.9,1615965457,15.0,85.0
0.15,0.85,1.0,1616084190,15.0,85.0
0.09,0.51,0.6,1615932394,15.0,85.0
0.125,0.875,1.0,1615932566,12.5,87.5
0.225,1.275,1.5,1615932816,15.0,85.0
0.00625,0.04375,0.05,1615933462,12.5,87.5
0.0675,0.3825,0.45,1615936202,15.0,85.0
0.09,0.51,0.6,1615936489,15.0,85.0
0.225,1.275,1.5,1615939560,15.0,85.0
0.1995,1.1305,1.33,1616002425,15.0,85.0
0.225,1.275,1.5,1615942979,15.0,85.0
0.225,1.275,1.5,1615944350,15.0,85.0
0.225,1.275,1.5,1615944061,15.0,85.0
0.225,1.275,1.5,1615944279,15.0,85.0
0.12,0.68,0.8,1616569679,15.0,85.0
0.0765,0.4335,0.51,1615946235,15.0,85.0
0.15,0.85,1.0,1615947032,15.0,85.0
0.0495,0.2805,0.33,1615972108,15.0,85.0
0.075,0.425,0.5,1615958836,15.0,85.0
0.0675,0.3825,0.45,1615958836,15.0,85.0
0.0525,0.2975,0.35,1616111936,15.0,85.0
0.06,0.34,0.4,1615990584,15.0,85.0
0.375,2.625,3.0,1616048194,12.5,87.5
0.045,0.255,0.3,1616154862,15.0,85.0
0.0875,0.6125,0.7,1615969378,12.5,87.5
0.18375,1.28625,1.47,1615971041,12.5,87.5
0.2875,2.0125,2.3,1615974698,12.5,87.5
0.075,0.425,0.5,1615977459,15.0,85.0
0.45,2.55,3.0,1615977917,15.0,85.0
0.06615,0.37485,0.441,1615985844,15.0,85.0
0.1875,1.0625,1.25,1615990726,15.0,85.0
0.15,0.85,1.0,1616806285,15.0,85.0
0.3125,2.1875,2.5,1617083711,12.5,87.5
0.0675,0.3825,0.45,1615996901,15.0,85.0
0.0625,0.4375,0.5,1616013864,12.5,87.5
0.045,0.255,0.3,1616010829,15.0,85.0
0.09,0.51,0.6,1616042731,15.0,85.0
0.06,0.34,0.4,1616052141,15.0,85.0
0.15,0.85,1.0,1616017820,15.0,85.0
0.3,1.7,2.0,1616017864,15.0,85.0
0.3,1.7,2.0,1616018218,15.0,85.0
0.48,2.72,3.2,1616078538,15.0,85.0
0.4545,2.5755,3.03,1616160906,15.0,85.0
0.0849,0.4811,0.566,1616030456,15.0,85.0
0.12675,0.71825,0.845,1616101190,15.0,85.0
0.171,0.969,1.14,1616203672,15.0,85.0
0.1125,0.6375,0.75,1616092335,15.0,85.0
0.098145,0.556155,0.6543,1616047431,15.0,85.0
0.09,0.51,0.6,1616049958,15.0,85.0
0.0375,0.2125,0.25,1616052330,15.0,85.0
0.06,0.34,0.4,1616078090,15.0,85.0
0.45,2.55,3.0,1616918750,15.0,85.0
0.03,0.17,0.2,1616061173,15.0,85.0
0.045,0.255,0.3,1616061173,15.0,85.0
0.06,0.34,0.4,1616061173,15.0,85.0
0.15,0.85,1.0,1616087440,15.0,85.0
0.0855,0.4845,0.57,1616138228,15.0,85.0
0.375,2.625,3.0,1616080601,12.5,87.5
0.0255,0.1445,0.17,1616105079,15.0,85.0
0.063165,0.357935,0.4211,1616112258,15.0,85.0
0.0675,0.3825,0.45,1616102430,15.0,85.0
0.045,0.255,0.3,1616105079,15.0,85.0
0.045,0.255,0.3,1616108804,15.0,85.0
0.075,0.425,0.5,1616114482,15.0,85.0
0.03,0.17,0.2,1616117503,15.0,85.0
0.04215,0.23885,0.281,1616136442,15.0,85.0
0.09,0.51,0.6,1616255253,15.0,85.0
0.10725,0.75075,0.858,1616114637,12.5,87.5
0.12375,0.86625,0.99,1616117153,12.5,87.5
0.375,2.125,2.5,1616965377,15.0,85.0
0.06,0.34,0.4,1616120974,15.0,85.0
0.06,0.34,0.4,1616120974,15.0,85.0
0.06,0.34,0.4,1616120974,15.0,85.0
0.09,0.51,0.6,1616386196,15.0,85.0
0.2625,1.4875,1.75,1616120967,15.0,85.0
0.09,0.51,0.6,1616193811,15.0,85.0
0.1332,0.7548,0.888,1616130808,15.0,85.0
0.0585,0.3315,0.39,1616127047,15.0,85.0
0.05775,0.32725,0.385,1616183683,15.0,85.0
0.1332,0.7548,0.888,1616130803,15.0,85.0
0.1332,0.7548,0.888,1616130795,15.0,85.0
0.5832,3.3048,3.888,1616130643,15.0,85.0
0.0525,0.2975,0.35,1616130619,15.0,85.0
0.12125,0.84875,0.97,1616153433,12.5,87.5
0.15,0.85,1.0,1616157848,15.0,85.0
0.1035,0.5865,0.69,1616531122,15.0,85.0
0.225,1.275,1.5,1616265405,15.0,85.0
0.075,0.425,0.5,1616446322,15.0,85.0
0.15,0.85,1.0,1616174843,15.0,85.0
0.09,0.51,0.6,1617363383,15.0,85.0
0.6,3.4,4.0,1616176639,15.0,85.0
0.1485,0.8415,0.99,1616316627,15.0,85.0
0.75,4.25,5.0,1616316792,15.0,85.0
0.0225,0.1275,0.15,1616179766,15.0,85.0
0.0675,0.3825,0.45,1616183215,15.0,85.0
0.45,2.55,3.0,1617274643,15.0,85.0
1.5,8.5,10.0,1616187034,15.0,85.0
0.0363,0.2057,0.242,1616267752,15.0,85.0
0.12,0.68,0.8,1616237855,15.0,85.0
0.0465,0.2635,0.31,1616192442,15.0,85.0
0.06,0.34,0.4,1616196731,15.0,85.0
0.075,0.425,0.5,1616191207,15.0,85.0
1.25,8.75,10.0,1616192692,12.5,87.5
0.39375,2.75625,3.15,1616195193,12.5,87.5
0.075,0.425,0.5,1616195697,15.0,85.0
0.3,1.7,2.0,1616200188,15.0,85.0
1.425,9.975,11.4,1616204524,12.5,87.5
0.0525,0.2975,0.35,1616216048,15.0,85.0
0.0225,0.1275,0.15,1618026344,15.0,85.0
0.21,1.19,1.4,1616313668,15.0,85.0
0.0507,0.2873,0.338,1616357210,15.0,85.0
0.12,0.68,0.8,1617037162,15.0,85.0
0.132,0.748,0.88,1616552728,15.0,85.0
0.075,0.425,0.5,1616238837,15.0,85.0
0.075,0.425,0.5,1616240686,15.0,85.0
0.15,0.85,1.0,1616347404,15.0,85.0
0.03,0.17,0.2,1616254601,15.0,85.0
0.225,1.275,1.5,1616292697,15.0,85.0
0.225,1.275,1.5,1616256412,15.0,85.0
0.075,0.425,0.5,1616258073,15.0,85.0
0.09,0.51,0.6,1616261033,15.0,85.0
0.2055,1.1645,1.37,1616316687,15.0,85.0
0.15625,1.09375,1.25,1617730747,12.5,87.5
0.1875,1.0625,1.25,1616274189,15.0,85.0
0.15,0.85,1.0,1616279707,15.0,85.0
0.0825,0.4675,0.55,1616283887,15.0,85.0
0.033,0.187,0.22,1616278430,15.0,85.0
0.195,1.105,1.3,1616277655,15.0,85.0
0.3125,2.1875,2.5,1616309521,12.5,87.5
0.2475,1.4025,1.65,1616289742,15.0,85.0
0.0525,0.2975,0.35,1616299059,15.0,85.0
0.15,0.85,1.0,1616377386,15.0,85.0
0.225,1.275,1.5,1616301909,15.0,85.0
0.1875,1.0625,1.25,1616303979,15.0,85.0
0.039,0.221,0.26,1616310157,15.0,85.0
0.165,0.935,1.1,1616332226,15.0,85.0
4.5,25.5,30.0,1617740244,15.0,85.0
0.75,4.25,5.0,1616342456,15.0,85.0
0.0345,0.1955,0.23,1616349048,15.0,85.0
0.3,2.1,2.4,1616381036,12.5,87.5
0.09,0.51,0.6,1616475627,15.0,85.0
0.15,0.85,1.0,1616510700,15.0,85.0
0.075,0.425,0.5,1616390795,15.0,85.0
0.0825,0.4675,0.55,1616720261,15.0,85.0
0.225,1.275,1.5,1616384256,15.0,85.0
0.21,1.19,1.4,1616408911,15.0,85.0
0.3,1.7,2.0,1616421070,15.0,85.0
0.125,0.875,1.0,1616388058,12.5,87.5
0.3125,2.1875,2.5,1616413252,12.5,87.5
0.28625,2.00375,2.29,1616402035,12.5,87.5
0.07,0.49,0.56,1616405523,12.5,87.5
0.1875,1.0625,1.25,1616405912,15.0,85.0
0.08125,0.56875,0.65,1616406035,12.5,87.5
0.1,0.7,0.8,1616407050,12.5,87.5
0.21,1.19,1.4,1616568408,15.0,85.0
0.0975,0.5525,0.65,1616546192,15.0,85.0
0.0625,0.4375,0.5,1616412429,12.5,87.5
0.045,0.255,0.3,1616425583,15.0,85.0
0.06,0.34,0.4,1616427615,15.0,85.0
0.03,0.17,0.2,1616449417,15.0,85.0
0.18,1.02,1.2,1616480907,15.0,85.0
0.0375,0.2125,0.25,1616431037,15.0,85.0
0.42,2.38,2.8,1616439820,15.0,85.0
0.3,1.7,2.0,1616436690,15.0,85.0
0.06,0.34,0.4,1616439004,15.0,85.0
0.06,0.34,0.4,1616439054,15.0,85.0
0.06,0.34,0.4,1616439165,15.0,85.0
0.06,0.34,0.4,1616441729,15.0,85.0
0.06,0.34,0.4,1616443135,15.0,85.0
0.36,2.52,2.88,1616444770,12.5,87.5
0.45,2.55,3.0,1616445214,15.0,85.0
0.0875,0.6125,0.7,1616445828,12.5,87.5
0.039,0.221,0.26,1616446958,15.0,85.0
0.18,1.02,1.2,1616601375,15.0,85.0
0.525,2.975,3.5,1616630932,15.0,85.0
0.04563,0.25857,0.3042,1616464381,15.0,85.0
0.0405,0.2295,0.27,1616476159,15.0,85.0
0.0405,0.2295,0.27,1616476159,15.0,85.0
0.0405,0.2295,0.27,1616476948,15.0,85.0
0.0405,0.2295,0.27,1616476948,15.0,85.0
0.27,1.53,1.8,1616602262,15.0,85.0
0.058627455,0.332220545,0.390848,1616489508,15.0,85.0
0.06,0.34,0.4,1616481156,15.0,85.0
0.1155,0.6545,0.77,1616541268,15.0,85.0
0.03,0.17,0.2,1616494718,15.0,85.0
0.11125,0.77875,0.89,1616498206,12.5,87.5
0.0885,0.5015,0.59,1616588885,15.0,85.0
0.15,0.85,1.0,1617295844,15.0,85.0
0.045,0.255,0.3,1616552514,15.0,85.0
0.036,0.204,0.24,1616516835,15.0,85.0
0.036,0.204,0.24,1616516835,15.0,85.0
0.045,0.255,0.3,1616518668,15.0,85.0
0.11875,0.83125,0.95,1616518759,12.5,87.5
0.0975,0.5525,0.65,1616545404,15.0,85.0
0.225,1.275,1.5,1616520456,15.0,85.0
0.2625,1.4875,1.75,1616588011,15.0,85.0
0.0675,0.3825,0.45,1616630085,15.0,85.0
0.09,0.51,0.6,1616521485,15.0,85.0
0.09,0.51,0.6,1616521750,15.0,85.0
0.09,0.51,0.6,1616522043,15.0,85.0
0.225,1.275,1.5,1616568408,15.0,85.0
0.225,1.275,1.5,1616567753,15.0,85.0
0.075,0.425,0.5,1616560054,15.0,85.0
0.11875,0.83125,0.95,1616550459,12.5,87.5
0.06,0.34,0.4,1616560389,15.0,85.0
0.01875,0.13125,0.15,1616532101,12.5,87.5
1.05,5.95,7.0,1616553859,15.0,85.0
0.1125,0.7875,0.9,1616538461,12.5,87.5
0.0525,0.2975,0.35,1616540179,15.0,85.0
0.1,0.7,0.8,1616541081,12.5,87.5
0.105,0.595,0.7,1616545343,15.0,85.0
0.045,0.255,0.3,1616543981,15.0,85.0
0.045,0.255,0.3,1616550550,15.0,85.0
0.075,0.425,0.5,1616563131,15.0,85.0
0.045,0.255,0.3,1616563899,15.0,85.0
0.09,0.51,0.6,1616563723,15.0,85.0
1.332,7.548,8.88,1616565300,15.0,85.0
0.0075,0.0425,0.05,1616570104,15.0,85.0
0.075,0.425,0.5,1616577930,15.0,85.0
0.075,0.425,0.5,1616577856,15.0,85.0
0.075,0.425,0.5,1616577693,15.0,85.0
0.09,0.51,0.6,1616577283,15.0,85.0
0.0675,0.3825,0.45,1616577547,15.0,85.0
0.06,0.34,0.4,1616666463,15.0,85.0
0.045,0.255,0.3,1616666479,15.0,85.0
0.45,2.55,3.0,1617207752,15.0,85.0
0.12,0.68,0.8,1616595052,15.0,85.0
0.0885,0.5015,0.59,1616685924,15.0,85.0
0.0675,0.3825,0.45,1616651348,15.0,85.0
0.06,0.34,0.4,1616599421,15.0,85.0
0.045,0.255,0.3,1616601455,15.0,85.0
0.6,3.4,4.0,1617107037,15.0,85.0
0.027,0.153,0.18,1616632908,15.0,85.0
0.027,0.153,0.18,1616632896,15.0,85.0
0.225,1.275,1.5,1616677030,15.0,85.0
0.125,0.875,1.0,1616608376,12.5,87.5
0.09,0.51,0.6,1616619168,15.0,85.0
0.0525,0.2975,0.35,1616671479,15.0,85.0
0.0375,0.2625,0.3,1616627227,12.5,87.5
0.6,3.4,4.0,1616632573,15.0,85.0
0.1125,0.6375,0.75,1616646484,15.0,85.0
0.15,0.85,1.0,1616639702,15.0,85.0
0.15,0.85,1.0,1616640749,15.0,85.0
0.15,0.85,1.0,1616640880,15.0,85.0
0.15,0.85,1.0,1616641065,15.0,85.0
0.03,0.17,0.2,1616641851,15.0,85.0
0.15,0.85,1.0,1616642609,15.0,85.0
0.15,0.85,1.0,1616642770,15.0,85.0
0.225,1.275,1.5,1616643563,15.0,85.0
0.15,0.85,1.0,1616643680,15.0,85.0
0.1875,1.3125,1.5,1616977968,12.5,87.5
0.3,1.7,2.0,1616667586,15.0,85.0
0.21,1.19,1.4,1616898238,15.0,85.0
0.0825,0.4675,0.55,1616753889,15.0,85.0
0.327,1.853,2.18,1616769373,15.0,85.0
0.0525,0.2975,0.35,1616691013,15.0,85.0
0.15,1.05,1.2,1616700502,12.5,87.5
0.078,0.442,0.52,1616688801,15.0,85.0
0.0675,0.3825,0.45,1616691435,15.0,85.0
0.2625,1.4875,1.75,1616763911,15.0,85.0
0.078,0.442,0.52,1616694387,15.0,85.0
0.225,1.275,1.5,1616732824,15.0,85.0
0.0585,0.3315,0.39,1616855918,15.0,85.0
0.06,0.34,0.4,1616734987,15.0,85.0
0.15,0.85,1.0,1616734423,15.0,85.0
0.3,1.7,2.0,1616739637,15.0,85.0
0.15,0.85,1.0,1616738942,15.0,85.0
0.09375,0.65625,0.75,1616743622,12.5,87.5
0.0825,0.4675,0.55,1617087394,15.0,85.0
0.275,1.925,2.2,1616752052,12.5,87.5
0.0345,0.1955,0.23,1616807085,15.0,85.0
0.06,0.34,0.4,1616757889,15.0,85.0
0.1875,1.0625,1.25,1616756398,15.0,85.0
0.084,0.476,0.56,1616768301,15.0,85.0
0.0675,0.3825,0.45,1616758403,15.0,85.0
0.0675,0.3825,0.45,1616758425,15.0,85.0
0.0675,0.3825,0.45,1616758580,15.0,85.0
0.6,3.4,4.0,1616768805,15.0,85.0
0.15,0.85,1.0,1616770393,15.0,85.0
0.327,1.853,2.18,1616771174,15.0,85.0
0.15,0.85,1.0,1616854008,15.0,85.0
0.327,1.853,2.18,1616778361,15.0,85.0
0.75,4.25,5.0,1616827075,15.0,85.0
0.15,0.85,1.0,1616827360,15.0,85.0
0.327,1.853,2.18,1616779199,15.0,85.0
0.0675,0.3825,0.45,1616787858,15.0,85.0
0.3,1.7,2.0,1616790716,15.0,85.0
0.15,0.85,1.0,1616795411,15.0,85.0
0.0675,0.3825,0.45,1616792098,15.0,85.0
0.0675,0.3825,0.45,1616795892,15.0,85.0
0.18,1.02,1.2,1616796494,15.0,85.0
0.04995,0.28305,0.333,1616801409,15.0,85.0
0.04995,0.28305,0.333,1616801620,15.0,85.0
0.06,0.34,0.4,1616803692,15.0,85.0
0.04995,0.28305,0.333,1616802281,15.0,85.0
0.04995,0.28305,0.333,1616802291,15.0,85.0
0.15,0.85,1.0,1616886892,15.0,85.0
0.09,0.51,0.6,1616812306,15.0,85.0
0.09,0.51,0.6,1616812607,15.0,85.0
0.09,0.51,0.6,1616812909,15.0,85.0
0.57,3.23,3.8,1616850529,15.0,85.0
0.06,0.34,0.4,1616844898,15.0,85.0
0.06,0.34,0.4,1616843311,15.0,85.0
0.15,0.85,1.0,1616844511,15.0,85.0
0.02,0.14,0.16,1616853025,12.5,87.5
0.125,0.875,1.0,1616861836,12.5,87.5
0.4995,2.8305,3.33,1616893609,15.0,85.0
0.2325,1.3175,1.55,1616871453,15.0,85.0
16.5,115.5,132.0,1617598714,12.5,87.5
0.75,4.25,5.0,1616901506,15.0,85.0
0.0375,0.2125,0.25,1616886234,15.0,85.0
0.15,0.85,1.0,1616886935,15.0,85.0
0.0125,0.0875,0.1,1616893877,12.5,87.5
0.072,0.408,0.48,1616925969,15.0,85.0
0.033,0.187,0.22,1616960329,15.0,85.0
0.125,0.875,1.0,1616901565,12.5,87.5
0.0833325,0.4722175,0.55555,1616960677,15.0,85.0
0.04995,0.28305,0.333,1616899399,15.0,85.0
0.04995,0.28305,0.333,1616899607,15.0,85.0
0.04995,0.28305,0.333,1616899957,15.0,85.0
0.375,2.125,2.5,1616901417,15.0,85.0
0.04995,0.28305,0.333,1616902217,15.0,85.0
0.04995,0.28305,0.333,1616904775,15.0,85.0
0.3333,1.8887,2.222,1616907017,15.0,85.0
0.3,1.7,2.0,1616907150,15.0,85.0
0.04995,0.28305,0.333,1616908404,15.0,85.0
0.15,0.85,1.0,1617513914,15.0,85.0
0.01875,0.13125,0.15,1616916103,12.5,87.5
0.0795,0.4505,0.53,1617127764,15.0,85.0
0.03,0.17,0.2,1616960703,15.0,85.0
0.0525,0.2975,0.35,1616953941,15.0,85.0
0.03,0.17,0.2,1616960222,15.0,85.0
0.045,0.255,0.3,1616960314,15.0,85.0
0.105,0.595,0.7,1617017607,15.0,85.0
0.01584,0.08976,0.1056,1617450891,15.0,85.0
0.615,3.485,4.1,1616975579,15.0,85.0
0.225,1.275,1.5,1616986640,15.0,85.0
0.072,0.408,0.48,1616954219,15.0,85.0
0.09,0.51,0.6,1617025991,15.0,85.0
0.375,2.125,2.5,1616999246,15.0,85.0
0.2325,1.3175,1.55,1616999242,15.0,85.0
0.033,0.187,0.22,1616955749,15.0,85.0
0.186,1.054,1.24,1617376426,15.0,85.0
0.078,0.442,0.52,1616962396,15.0,85.0
0.45,2.55,3.0,1616976624,15.0,85.0
0.375,2.125,2.5,1616966941,15.0,85.0
0.375,2.125,2.5,1616969041,15.0,85.0
0.15,0.85,1.0,1616986640,15.0,85.0
0.1268625,0.8880375,1.0149,1616971042,12.5,87.5
0.4332,2.4548,2.888,1616977182,15.0,85.0
0.075,0.425,0.5,1617073806,15.0,85.0
0.2625,1.4875,1.75,1616991108,15.0,85.0
0.025,0.175,0.2,1618163288,12.5,87.5
0.15,0.85,1.0,1617009668,15.0,85.0
0.4125,2.3375,2.75,1617056394,15.0,85.0
0.3,1.7,2.0,1617059520,15.0,85.0
0.45,2.55,3.0,1617137989,15.0,85.0
0.45,2.55,3.0,1617207752,15.0,85.0
0.06,0.34,0.4,1617137078,15.0,85.0
0.15,0.85,1.0,1617049451,15.0,85.0
0.0525,0.2975,0.35,1617073785,15.0,85.0
0.225,1.275,1.5,1617057820,15.0,85.0
0.0375,0.2625,0.3,1617275946,12.5,87.5
0.132,0.748,0.88,1617191695,15.0,85.0
0.15,0.85,1.0,1617064879,15.0,85.0
0.05513985,0.31245915,0.367599,1617099948,15.0,85.0
0.0814815,0.4617285,0.54321,1617060267,15.0,85.0
0.15,0.85,1.0,1617063264,15.0,85.0
0.45,2.55,3.0,1617462152,15.0,85.0
0.125,0.875,1.0,1617065321,12.5,87.5
0.45,2.55,3.0,1617218030,15.0,85.0
0.0375,0.2625,0.3,1617084265,12.5,87.5
0.0495,0.2805,0.33,1617170973,15.0,85.0
0.3,1.7,2.0,1617096921,15.0,85.0
0.08265,0.46835,0.551,1617103814,15.0,85.0
0.1875,1.3125,1.5,1617113318,12.5,87.5
0.225,1.275,1.5,1617179938,15.0,85.0
0.075,0.425,0.5,1617126318,15.0,85.0
0.4875,2.7625,3.25,1617129831,15.0,85.0
0.12135,0.68765,0.809,1617490960,15.0,85.0
0.0225,0.1275,0.15,1617181081,15.0,85.0
0.225,1.275,1.5,1617183576,15.0,85.0
0.075,0.425,0.5,1617248486,15.0,85.0
0.1155,0.6545,0.77,1617164887,15.0,85.0
0.75,4.25,5.0,1617171852,15.0,85.0
0.0255,0.1445,0.17,1618356269,15.0,85.0
0.087,0.493,0.58,1617315033,15.0,85.0
0.033,0.187,0.22,1617191189,15.0,85.0
0.2475,1.4025,1.65,1617210717,15.0,85.0
0.0814815,0.4617285,0.54321,1617201938,15.0,85.0
0.375,2.125,2.5,1618242290,15.0,85.0
0.0693,0.3927,0.462,1617267092,15.0,85.0
0.3,1.7,2.0,1617217899,15.0,85.0
0.3,1.7,2.0,1617314523,15.0,85.0
0.3,1.7,2.0,1617222522,15.0,85.0
0.3,1.7,2.0,1617314523,15.0,85.0
0.195,1.105,1.3,1617224923,15.0,85.0
0.09,0.51,0.6,1617426016,15.0,85.0
0.0825,0.4675,0.55,1617409194,15.0,85.0
0.1125,0.6375,0.75,1617691966,15.0,85.0
0.0525,0.2975,0.35,1617244405,15.0,85.0
0.225,1.275,1.5,1617233909,15.0,85.0
0.225,1.275,1.5,1617234066,15.0,85.0
0.225,1.275,1.5,1617235119,15.0,85.0
0.225,1.275,1.5,1617235371,15.0,85.0
0.225,1.275,1.5,1617235601,15.0,85.0
0.297,1.683,1.98,1617286962,15.0,85.0
0.0117,0.0663,0.078,1617344578,15.0,85.0
0.0625,0.4375,0.5,1617255862,12.5,87.5
0.15,0.85,1.0,1617262088,15.0,85.0
0.75,4.25,5.0,1617269505,15.0,85.0
0.15,0.85,1.0,1617277764,15.0,85.0
0.3,1.7,2.0,1617283385,15.0,85.0
0.15,0.85,1.0,1617326682,15.0,85.0
0.18,1.02,1.2,1617353079,15.0,85.0
0.12,0.68,0.8,1617651479,15.0,85.0
0.03,0.17,0.2,1617303857,15.0,85.0
0.069,0.391,0.46,1617306359,15.0,85.0
0.07695,0.43605,0.513,1617344104,15.0,85.0
0.045,0.255,0.3,1617357778,15.0,85.0
0.255,1.445,1.7,1617420658,15.0,85.0
0.07561095,0.42846205,0.504073,1617317501,15.0,85.0
0.075,0.425,0.5,1617740819,15.0,85.0
0.075,0.425,0.5,1617356912,15.0,85.0
0.0255,0.1445,0.17,1617388748,15.0,85.0
0.0825,0.4675,0.55,1617904099,15.0,85.0
0.3,1.7,2.0,1617359086,15.0,85.0
0.15,0.85,1.0,1617399006,15.0,85.0
0.075,0.425,0.5,1617461022,15.0,85.0
0.15,0.85,1.0,1617379664,15.0,85.0
1.575,8.925,10.5,1617396349,15.0,85.0
0.76332,4.32548,5.0888,1617390512,15.0,85.0
1.05,5.95,7.0,1617478413,15.0,85.0
0.225,1.275,1.5,1617400443,15.0,85.0
0.225,1.275,1.5,1617400456,15.0,85.0
0.225,1.275,1.5,1617400535,15.0,85.0
0.225,1.275,1.5,1617401302,15.0,85.0
0.0525,0.2975,0.35,1617409721,15.0,85.0
0.075,0.425,0.5,1617409915,15.0,85.0
0.0525,0.2975,0.35,1617412867,15.0,85.0
0.0225,0.1275,0.15,1617417252,15.0,85.0
0.0225,0.1275,0.15,1617433012,15.0,85.0
0.24,1.36,1.6,1617652304,15.0,85.0
0.075,0.425,0.5,1617460867,15.0,85.0
0.0825,0.4675,0.55,1617827063,15.0,85.0
0.2475,1.4025,1.65,1617551699,15.0,85.0
0.2625,1.8375,2.1,1617482759,12.5,87.5
0.045,0.255,0.3,1617527520,15.0,85.0
0.0375,0.2125,0.25,1617484817,15.0,85.0
0.06,0.34,0.4,1617485506,15.0,85.0
0.0615,0.3485,0.41,1617491266,15.0,85.0
0.018,0.102,0.12,1617493138,15.0,85.0
0.03,0.17,0.2,1617510021,15.0,85.0
0.16665,0.94435,1.111,1617514314,15.0,85.0
0.045,0.255,0.3,1617527414,15.0,85.0
0.075,0.425,0.5,1617538017,15.0,85.0
0.075,0.425,0.5,1617586766,15.0,85.0
0.075,0.425,0.5,1617537230,15.0,85.0
0.15,0.85,1.0,1617553626,15.0,85.0
0.03625,0.25375,0.29,1617556705,12.5,87.5
0.15,0.85,1.0,1617608344,15.0,85.0
0.225,1.275,1.5,1617563644,15.0,85.0
0.1005,0.5695,0.67,1617752114,15.0,85.0
0.165,0.935,1.1,1617593065,15.0,85.0
0.3,1.7,2.0,1617577847,15.0,85.0
0.075,0.525,0.6,1617584391,12.5,87.5
0.15,0.85,1.0,1617629594,15.0,85.0
0.045,0.255,0.3,1617629854,15.0,85.0
0.06,0.34,0.4,1617664267,15.0,85.0
0.075,0.425,0.5,1617642453,15.0,85.0
0.15,0.85,1.0,1617735707,15.0,85.0
0.15,0.85,1.0,1617671870,15.0,85.0
0.054915,0.311185,0.3661,1617678508,15.0,85.0
0.09,0.51,0.6,1617740819,15.0,85.0
0.18,1.02,1.2,1617690512,15.0,85.0
0.063,0.357,0.42,1617699198,15.0,85.0
0.03,0.17,0.2,1617697880,15.0,85.0
0.3375,1.9125,2.25,1617737307,15.0,85.0
0.12,0.68,0.8,1617714836,15.0,85.0
0.12375,0.70125,0.825,1617710177,15.0,85.0
0.15,0.85,1.0,1617711175,15.0,85.0
0.0645,0.3655,0.43,1617711329,15.0,85.0
0.31332,1.77548,2.0888,1617771469,15.0,85.0
0.7332,4.1548,4.888,1617766716,15.0,85.0
0.75,4.25,5.0,1617728376,15.0,85.0
0.375,2.125,2.5,1617728491,15.0,85.0
0.3,1.7,2.0,1617723380,15.0,85.0
0.2075,1.4525,1.66,1617728741,12.5,87.5
0.045,0.255,0.3,1617977569,15.0,85.0
1.5,8.5,10.0,1617734194,15.0,85.0
0.375,2.125,2.5,1617817960,15.0,85.0
0.0225,0.1275,0.15,1617763581,15.0,85.0
0.0225,0.1275,0.15,1617764457,15.0,85.0
0.06,0.34,0.4,1617749684,15.0,85.0
0.045,0.255,0.3,1617746243,15.0,85.0
0.04332,0.24548,0.2888,1617758123,15.0,85.0
0.04332,0.24548,0.2888,1617758374,15.0,85.0
0.04332,0.24548,0.2888,1617758385,15.0,85.0
0.04332,0.24548,0.2888,1617924833,15.0,85.0
0.04332,0.24548,0.2888,1617758385,15.0,85.0
0.04332,0.24548,0.2888,1617758385,15.0,85.0
0.04332,0.24548,0.2888,1617758385,15.0,85.0
0.04332,0.24548,0.2888,1617758385,15.0,85.0
0.06875,0.48125,0.55,1617756784,12.5,87.5
0.05832,0.33048,0.3888,1617765210,15.0,85.0
0.17832,1.01048,1.1888,1617775421,15.0,85.0
0.03125,0.21875,0.25,1617763039,12.5,87.5
0.0975,0.5525,0.65,1617765292,15.0,85.0
0.3,1.7,2.0,1617767403,15.0,85.0
0.0255,0.1445,0.17,1617918866,15.0,85.0
0.3,1.7,2.0,1617812388,15.0,85.0
0.04995,0.28305,0.333,1617828933,15.0,85.0
0.0225,0.1275,0.15,1617812007,15.0,85.0
0.0225,0.1275,0.15,1617813103,15.0,85.0
0.075,0.425,0.5,1617813126,15.0,85.0
0.02625,0.14875,0.175,1617816066,15.0,85.0
0.02625,0.14875,0.175,1617816066,15.0,85.0
0.15,0.85,1.0,1617816953,15.0,85.0
0.0975,0.5525,0.65,1617828699,15.0,85.0
0.06,0.34,0.4,1617833393,15.0,85.0
0.195,1.105,1.3,1617843066,15.0,85.0
0.06,0.34,0.4,1617923408,15.0,85.0
0.06,0.34,0.4,1617923436,15.0,85.0
0.0225,0.1275,0.15,1617848577,15.0,85.0
0.0975,0.5525,0.65,1617970676,15.0,85.0
0.2625,1.4875,1.75,1617894220,15.0,85.0
0.0375,0.2125,0.25,1617893338,15.0,85.0
0.3,1.7,2.0,1617896214,15.0,85.0
0.045,0.255,0.3,1617901770,15.0,85.0
0.0495,0.2805,0.33,1617902860,15.0,85.0
0.4,0.08,0.48,1617902709,83.33,16.67
0.45,2.55,3.0,1617903880,15.0,85.0
0.15,0.85,1.0,1618175260,15.0,85.0
0.0915,0.5185,0.61,1618000199,15.0,85.0
0.225,1.275,1.5,1618009151,15.0,85.0
0.03615,0.20485,0.241,1617988475,15.0,85.0
0.14025,0.79475,0.935,1618102614,15.0,85.0
0.04815,0.27285,0.321,1617923084,15.0,85.0
0.03,0.17,0.2,1617931402,15.0,85.0
0.0615,0.3485,0.41,1617928028,15.0,85.0
0.3,1.7,2.0,1618027688,15.0,85.0
0.15,0.85,1.0,1618175347,15.0,85.0
0.075,0.425,0.5,1617993683,15.0,85.0
0.05375,0.37625,0.43,1617963161,12.5,87.5
0.12375,0.70125,0.825,1618102614,15.0,85.0
0.03,0.17,0.2,1618007305,15.0,85.0
0.75,4.25,5.0,1618018550,15.0,85.0
0.075,0.425,0.5,1618019581,15.0,85.0
0.1005,0.5695,0.67,1618047116,15.0,85.0
0.36666,2.07774,2.4444,1618026275,15.0,85.0
0.15,0.85,1.0,1618090221,15.0,85.0
0.45,2.55,3.0,1618054396,15.0,85.0
0.2775,1.5725,1.85,1618072097,15.0,85.0
0.03,0.17,0.2,1618311880,15.0,85.0
0.09,0.51,0.6,1618276655,15.0,85.0
0.1875,1.0625,1.25,1618106517,15.0,85.0
0.045,0.255,0.3,1618092502,15.0,85.0
0.15,0.85,1.0,1618274425,15.0,85.0
0.0645,0.3655,0.43,1618140084,15.0,85.0
0.04815,0.27285,0.321,1618098579,15.0,85.0
0.75,4.25,5.0,1618102489,15.0,85.0
0.045,0.255,0.3,1618127621,15.0,85.0
0.075,0.425,0.5,1618112996,15.0,85.0
0.0165,0.0935,0.11,1618130962,15.0,85.0
0.165,0.935,1.1,1618348058,15.0,85.0
0.0165,0.0935,0.11,1618135645,15.0,85.0
0.0165,0.0935,0.11,1618142201,15.0,85.0
0.03,0.17,0.2,1618155850,15.0,85.0
0.03,0.17,0.2,1618162657,15.0,85.0
0.0525,0.2975,0.35,1618148663,15.0,85.0
0.0525,0.2975,0.35,1618239890,15.0,85.0
0.0375,0.2125,0.25,1618184395,15.0,85.0
0.0165,0.0935,0.11,1618168746,15.0,85.0
0.06987825,0.39597675,0.465855,1618248393,15.0,85.0
0.075,0.425,0.5,1618264468,15.0,85.0
0.0525,0.2975,0.35,1618223083,15.0,85.0
0.2775,1.5725,1.85,1618228628,15.0,85.0
0.045,0.255,0.3,1618237892,15.0,85.0
0.45,2.55,3.0,1618249416,15.0,85.0
0.45,2.55,3.0,1618251263,15.0,85.0
0.0558,0.3162,0.372,1618253990,15.0,85.0
0.045,0.255,0.3,1618316714,15.0,85.0
0.0375,0.2125,0.25,1618316660,15.0,85.0
0.15,0.85,1.0,1618262344,15.0,85.0
0.075,0.425,0.5,1618273450,15.0,85.0
0.0165,0.0935,0.11,1618265625,15.0,85.0
0.036,0.204,0.24,1618266351,15.0,85.0
0.06,0.34,0.4,1618268416,15.0,85.0
0.0375,0.2125,0.25,1618283721,15.0,85.0
0.06,0.34,0.4,1618268476,15.0,85.0
0.45,2.55,3.0,1618270806,15.0,85.0
0.04125,0.28875,0.33,1618278059,12.5,87.5
0.0375,0.2125,0.25,1618286947,15.0,85.0
0.1332,0.7548,0.888,1618298652,15.0,85.0
0.045,0.255,0.3,1618395210,15.0,85.0
0.02745,0.15555,0.183,1618355576,15.0,85.0
0.045,0.255,0.3,1618332616,15.0,85.0
0.1005,0.5695,0.67,1618335898,15.0,85.0
0.075,0.425,0.5,1618410729,15.0,85.0
0.15,0.85,1.0,1618406747,15.0,85.0
0.0165,0.0935,0.11,1618341367,15.0,85.0
0.3,1.7,2.0,1618353205,15.0,85.0
0.066,0.374,0.44,1618368886,15.0,85.0
